study_id,bib_key,doi,year,title,source,cancer_domain,primary_task,artifact_qc_strategy,normalization_policy,partitioning_policy,storage_governance,ensemble_postprocessing,code_url,rq_tags,chapter_summary,markdown_file,raw_process_status
1-s2.0-S001048252401583X-main,sysrev_1_s2_0_s001048252401583x_main,,2022,Let it shine: Autofluorescence of Papanicolaou-stain improves AI-based cytological oral cancer detection,PUBMED,pulmão,prognóstico / estratificação de risco,segmentação de tecido/fundo,não especificada,separação por paciente,código público,não central,https://github.com/MIDA-group/LetItShine,"RQ1, RQ2, RQ3",Contribui com evidência sobre segmentação supervisionada em câncer.,1-s2.0-S001048252401583X-main.md,VERDICT_GENERATED
10.1016_j.ccell.2022.07.004,sysrev_10_1016_j_ccell_2022_07_004,10.1016/j.ccell.2022.07.004,2022,Pan-Cancer Integrative Histology-Genomic Analysis via Multimodal Deep Learning,PUBMED,pulmão,prognóstico / estratificação de risco,não central,não especificada,separação por paciente,manifest,não central,https://github.com/mahmoodlab/PORPOISE,"RQ2, RQ3",Contribui com evidência sobre segmentação supervisionada em câncer.,10.1016_j.ccell.2022.07.004.md,VERDICT_GENERATED
10.1016_j.crmeth.2024.100759,sysrev_10_1016_j_crmeth_2024_100759,10.1016/j.crmeth.2024.100759,2024,Nextflow pipeline for Visium and H&E data from patient-derived xenograft samples,PUBMED,pulmão,segmentação,controle de qualidade ou artefatos explicitado,normalização de cor descrita,divisão treino/validação/teste descrita,nextflow,não central,https://github.com/TheJacksonLaboratory/STQ,"RQ1, RQ2, RQ3",Evidencia que QC e artefatos precisam ser tratados como parte do fluxo.,10.1016_j.crmeth.2024.100759.md,VERDICT_GENERATED
10.1016_j.isci.2023.108073,sysrev_10_1016_j_isci_2023_108073,10.1016/j.isci.2023.108073,2023,HistoMIL: A Python package for training multiple instance learning models on histopathology slides,PUBMED,pulmão,prognóstico / estratificação de risco,controle de qualidade ou artefatos explicitado,não especificada,separação por paciente,código público,pós-processamento descrito,https://github.com/secrierlab/HistoMIL,"RQ1, RQ2, RQ3, RQ4",Evidencia que QC e artefatos precisam ser tratados como parte do fluxo.,10.1016_j.isci.2023.108073.md,VERDICT_GENERATED
10.1016_j.patter.2023.100688,sysrev_10_1016_j_patter_2023_100688,10.1016/j.patter.2023.100688,2023,Restaining-based annotation for cancer histology segmentation to overcome annotation-related limitations among pathologists,PUBMED,pulmão,segmentação,controle de qualidade ou artefatos explicitado,não especificada,divisão treino/validação/teste descrita,código público,ensemble/incerteza discutido,Não localizado na conversão textual,"RQ1, RQ3, RQ4",Evidencia que QC e artefatos precisam ser tratados como parte do fluxo.,10.1016_j.patter.2023.100688.md,VERDICT_GENERATED
10.1038_s41698-023-00352-5,sysrev_10_1038_s41698_023_00352_5,10.1038/s41698-023-00352-5,2023,Arti fi cial intelligence reveals features associated with breast cancer neoadjuvant chemotherapy responses from multi-stain histopathologic images,PUBMED,pulmão,prognóstico / estratificação de risco,segmentação de tecido/fundo,não especificada,divisão treino/validação/teste descrita,código público,não central,https://github.com/huangzhii/IMPRESS,"RQ1, RQ3",Contribui com evidência sobre segmentação supervisionada em câncer.,10.1038_s41698-023-00352-5.md,VERDICT_GENERATED
10.1117_1.jbo.28.2.026501,sysrev_10_1117_1_jbo_28_2_026501,10.1117/1.jbo.28.2.026501,2022,Hardware-software co-design of an open-source automatic multimodal whole slide histopathology imaging system,PUBMED,pulmão,prognóstico / estratificação de risco,segmentação de tecido/fundo,normalização de coloração mencionada,divisão treino/validação/teste descrita,código público,ensemble/incerteza discutido,https://github.com/uw-loci/smart-wsi-scanner/tree/master,"RQ1, RQ2, RQ3, RQ4",Relaciona agregação de modelos ou incerteza à segurança da inferência.,10.1117_1.jbo.28.2.026501.md,VERDICT_GENERATED
10.3389_fmed.2022.971873,sysrev_10_3389_fmed_2022_971873,10.3389/fmed.2022.971873,2022,H2G-Net: A multi-resolution refinement approach for segmentation of breast cancer region in gigapixel histopathological images,PUBMED,pulmão,prognóstico / estratificação de risco,controle de qualidade ou artefatos explicitado,normalização de cor descrita,separação por paciente,código público,ensemble/incerteza discutido,https://github.com/libvips/libvips,"RQ1, RQ2, RQ3, RQ4",Evidencia que QC e artefatos precisam ser tratados como parte do fluxo.,10.3389_fmed.2022.971873.md,VERDICT_GENERATED
10.1007_s10462-023-10699-7,sysrev_10_1007_s10462_023_10699_7,10.1007/s10462-023-10699-7,2023,Deep learning for cancer cell detection: do we need dedicated models?,SPRINGER,pulmão,segmentação,controle de qualidade ou artefatos explicitado,não especificada,divisão treino/validação/teste descrita,governança não detalhada,ensemble/incerteza discutido,https://github.com/Micha,"RQ1, RQ4",Evidencia que QC e artefatos precisam ser tratados como parte do fluxo.,10.1007_s10462-023-10699-7.md,VERDICT_GENERATED
10.1038_s41379-021-00859-x,sysrev_10_1038_s41379_021_00859_x,10.1038/s41379-021-00859-x,2021,Quality control stress test for deep learning-based diagnostic model in digital pathology,SPRINGER,pulmão,prognóstico / estratificação de risco,controle de qualidade ou artefatos explicitado,normalização de cor descrita,separação por paciente,código público,ensemble/incerteza discutido,https://github.com/cpath-ukk/Artifact,"RQ1, RQ2, RQ3, RQ4",Evidencia que QC e artefatos precisam ser tratados como parte do fluxo.,10.1038_s41379-021-00859-x.md,VERDICT_GENERATED
10.1038_s41467-021-21467-y,sysrev_10_1038_s41467_021_21467_y,10.1038/s41467-021-21467-y,2021,An annotation-free whole-slide training approach to pathological classification of lung cancer types using deep learning,SPRINGER,pulmão,prognóstico / estratificação de risco,controle de qualidade ou artefatos explicitado,normalização de cor descrita,divisão treino/validação/teste descrita,código público,não central,https://github.com/aetherAI/whole-slide-cnn,"RQ1, RQ2, RQ3",Evidencia que QC e artefatos precisam ser tratados como parte do fluxo.,10.1038_s41467-021-21467-y.md,VERDICT_GENERATED
10.1038_s41467-022-34025-x,sysrev_10_1038_s41467_022_34025_x,10.1038/s41467-022-34025-x,2022,Uncertainty-informed deep learning models enable high-con fi dence predictions for digital histopathology,SPRINGER,pulmão,segmentação,segmentação de tecido/fundo,normalização de cor descrita,separação por paciente,manifest,ensemble/incerteza discutido,https://github.com/jamesdolezal/biscuit,"RQ1, RQ2, RQ3, RQ4",Relaciona agregação de modelos ou incerteza à segurança da inferência.,10.1038_s41467-022-34025-x.md,VERDICT_GENERATED
10.1038_s41467-023-39933-0,sysrev_10_1038_s41467_023_39933_0,10.1038/s41467-023-39933-0,2023,Spatial cellular architecture predicts prognosis in glioblastoma,SPRINGER,mama,prognóstico / estratificação de risco,controle de qualidade ou artefatos explicitado,normalização de coloração mencionada,divisão treino/validação/teste descrita,código público,não central,https://github.com/gevaertlab/GBM360,"RQ1, RQ2, RQ3",Evidencia que QC e artefatos precisam ser tratados como parte do fluxo.,10.1038_s41467-023-39933-0.md,VERDICT_GENERATED
10.1038_s41467-023-42504-y,sysrev_10_1038_s41467_023_42504_y,10.1038/s41467-023-42504-y,2023,Single-cell morphological and topological atlas reveals the ecosystem diversity of human breast cancer,SPRINGER,pulmão,prognóstico / estratificação de risco,controle de qualidade ou artefatos explicitado,não especificada,separação por paciente,código público,não central,https://github.com/fuscc-deep-path/sc_,"RQ1, RQ2, RQ3",Evidencia que QC e artefatos precisam ser tratados como parte do fluxo.,10.1038_s41467-023-42504-y.md,VERDICT_GENERATED
10.1038_s41467-023-43749-3,sysrev_10_1038_s41467_023_43749_3,10.1038/s41467-023-43749-3,2023,Deep learning-based phenotyping reclassi fi es combined hepatocellularcholangiocarcinoma,SPRINGER,pulmão,prognóstico / estratificação de risco,segmentação de tecido/fundo,normalização de cor descrita,separação por paciente,código público,ensemble/incerteza discutido,https://github.com/KatherLab/preprocessing-ng,"RQ1, RQ2, RQ3, RQ4",Relaciona agregação de modelos ou incerteza à segurança da inferência.,10.1038_s41467-023-43749-3.md,VERDICT_GENERATED
10.1038_s41467-024-46174-2,sysrev_10_1038_s41467_024_46174_2,10.1038/s41467-024-46174-2,2024,Enabling large-scale screening of Barrett ' s esophagus using weakly supervised deep learning in histopathology,SPRINGER,pulmão,prognóstico / estratificação de risco,controle de qualidade ou artefatos explicitado,normalização de cor descrita,divisão treino/validação/teste descrita,código público,não central,https://github.com/microsoft/betrans-mil,"RQ1, RQ2, RQ3",Evidencia que QC e artefatos precisam ser tratados como parte do fluxo.,10.1038_s41467-024-46174-2.md,VERDICT_GENERATED
10.1038_s41467-024-47185-9,sysrev_10_1038_s41467_024_47185_9,10.1038/s41467-024-47185-9,2024,Microenvironmental reorganization in brain tumors following radiotherapy and recurrence revealed by hyperplexed immunofl uorescence imaging,SPRINGER,pulmão,prognóstico / estratificação de risco,controle de qualidade ou artefatos explicitado,não especificada,divisão treino/validação/teste descrita,código público,pós-processamento descrito,https://github.com/jhausserlab/HiFiAlignmentTool,"RQ1, RQ3, RQ4",Evidencia que QC e artefatos precisam ser tratados como parte do fluxo.,10.1038_s41467-024-47185-9.md,VERDICT_GENERATED
10.1038_s41467-024-48666-7,sysrev_10_1038_s41467_024_48666_7,10.1038/s41467-024-48666-7,2024,Mapping the landscape of histomorphological cancer phenotypes using self-supervised learning on unannotated pathology slides,SPRINGER,pulmão,prognóstico / estratificação de risco,controle de qualidade ou artefatos explicitado,normalização de cor descrita,separação por paciente,manifest,ensemble/incerteza discutido,https://github.com/AdalbertoCq/Histomorphological-PhenotypeLearningand,"RQ1, RQ2, RQ3, RQ4",Evidencia que QC e artefatos precisam ser tratados como parte do fluxo.,10.1038_s41467-024-48666-7.md,VERDICT_GENERATED
10.1038_s41467-024-48870-5,sysrev_10_1038_s41467_024_48870_5,10.1038/s41467-024-48870-5,2024,Deepcell phenotyping and spatial analysis of multiplexed imaging with TRACERx-PHLEX,SPRINGER,pulmão,prognóstico / estratificação de risco,controle de qualidade ou artefatos explicitado,não especificada,divisão treino/validação/teste descrita,nextflow,pós-processamento descrito,https://github.com/FrancisCrickInstitute/TRACERx-PHLEX,"RQ1, RQ3, RQ4",Evidencia que QC e artefatos precisam ser tratados como parte do fluxo.,10.1038_s41467-024-48870-5.md,VERDICT_GENERATED
10.1038_s41467-024-49017-2,sysrev_10_1038_s41467_024_49017_2,10.1038/s41467-024-49017-2,2024,AI-based histopathology image analysis reveals a distinct subset of endometrial cancers,SPRINGER,mama,prognóstico / estratificação de risco,controle de qualidade ou artefatos explicitado,normalização de cor descrita,divisão treino/validação/teste descrita,código público,não central,https://github.com/AIMLab-UBC/EC-p53abnlike-AIclassi,"RQ1, RQ2, RQ3",Evidencia que QC e artefatos precisam ser tratados como parte do fluxo.,10.1038_s41467-024-49017-2.md,VERDICT_GENERATED
10.1038_s41467-024-54769-y,sysrev_10_1038_s41467_024_54769_y,10.1038/s41467-024-54769-y,2024,GrandQC: A comprehensive solution to quality control problem in digital pathology,SPRINGER,pulmão,modelo fundacional / representação,controle de qualidade ou artefatos explicitado,normalização de cor descrita,divisão treino/validação/teste descrita,manifest,não central,https://github.com/cpath-ukk/grandqc,"RQ1, RQ2, RQ3",Mostra a consolidação de modelos fundacionais e avaliação em larga escala.,10.1038_s41467-024-54769-y.md,VERDICT_GENERATED
10.1038_s41467-024-55780-z,sysrev_10_1038_s41467_024_55780_z,10.1038/s41467-024-55780-z,2024,PHARAOH: A collaborative crowdsourcing platform for phenotyping and regional analysis of histology,SPRINGER,pulmão,modelo fundacional / representação,controle de qualidade ou artefatos explicitado,não especificada,divisão treino/validação/teste descrita,governança não detalhada,não central,Não localizado na conversão textual,RQ1,Mostra a consolidação de modelos fundacionais e avaliação em larga escala.,10.1038_s41467-024-55780-z.md,VERDICT_GENERATED
10.1038_s41467-025-57072-6,sysrev_10_1038_s41467_025_57072_6,10.1038/s41467-025-57072-6,2025,Systematic inference of super-resolution cell spatial pro fi les from histology images,SPRINGER,pulmão,prognóstico / estratificação de risco,segmentação de tecido/fundo,não especificada,divisão treino/validação/teste descrita,código público,não central,https://github.com/recolyce/HistoCell,"RQ1, RQ3",Contribui com evidência sobre segmentação supervisionada em câncer.,10.1038_s41467-025-57072-6.md,VERDICT_GENERATED
10.1038_s41467-025-57283-x,sysrev_10_1038_s41467_025_57283_x,10.1038/s41467-025-57283-x,2025,Multimodal histopathologic models stratify hormone receptor-positive early breast cancer,SPRINGER,mama,modelo fundacional / representação,controle de qualidade ou artefatos explicitado,normalização de cor descrita,separação por paciente,código público,não central,https://github.com/kmboehm/orpheus,"RQ1, RQ2, RQ3",Mostra a consolidação de modelos fundacionais e avaliação em larga escala.,10.1038_s41467-025-57283-x.md,VERDICT_GENERATED
10.1038_s41467-025-57717-6,sysrev_10_1038_s41467_025_57717_6,10.1038/s41467-025-57717-6,2025,Histopathology based AI model predicts anti-angiogenic therapy response in renal cancer clinical trial,SPRINGER,pulmão,prognóstico / estratificação de risco,controle de qualidade ou artefatos explicitado,normalização de coloração mencionada,separação por paciente,código público,não central,https://github.com/Rajaram-Lab/dl-angio-from-hne,"RQ1, RQ2, RQ3",Evidencia que QC e artefatos precisam ser tratados como parte do fluxo.,10.1038_s41467-025-57717-6.md,VERDICT_GENERATED
10.1038_s41467-025-57943-y,sysrev_10_1038_s41467_025_57943_y,10.1038/s41467-025-57943-y,2025,Statistical analysis of spatial patterns in tumor microenvironment images,SPRINGER,pulmão,prognóstico / estratificação de risco,controle de qualidade ou artefatos explicitado,não especificada,separação por paciente,governança não detalhada,ensemble/incerteza discutido,Não localizado na conversão textual,"RQ1, RQ2, RQ4",Evidencia que QC e artefatos precisam ser tratados como parte do fluxo.,10.1038_s41467-025-57943-y.md,VERDICT_GENERATED
10.1038_s41467-025-61349-1,sysrev_10_1038_s41467_025_61349_1,10.1038/s41467-025-61349-1,2025,Automated cell annotation and classi fi cation on histopathology for spatial biomarker discovery,SPRINGER,pulmão,modelo fundacional / representação,controle de qualidade ou artefatos explicitado,normalização de coloração mencionada,divisão treino/validação/teste descrita,código público,não central,https://github.com/stardist/stardist,"RQ1, RQ2, RQ3",Mostra a consolidação de modelos fundacionais e avaliação em larga escala.,10.1038_s41467-025-61349-1.md,VERDICT_GENERATED
10.1038_s41467-025-64249-6,sysrev_10_1038_s41467_025_64249_6,10.1038/s41467-025-64249-6,2025,Uncertainty-aware ensemble of foundation models differentiates glioblastoma from its mimics,SPRINGER,pulmão,modelo fundacional / representação,controle de qualidade ou artefatos explicitado,normalização de cor descrita,separação por paciente,manifest,ensemble/incerteza discutido,https://github.com/hmsdbmi/picture,"RQ1, RQ2, RQ3, RQ4",Mostra a consolidação de modelos fundacionais e avaliação em larga escala.,10.1038_s41467-025-64249-6.md,VERDICT_GENERATED
10.1038_s41467-025-65783-z,sysrev_10_1038_s41467_025_65783_z,10.1038/s41467-025-65783-z,2025,AI-powered spatial cell phenomics enhances risk strati fi cation in non-small cell lung cancer,SPRINGER,pulmão,modelo fundacional / representação,controle de qualidade ou artefatos explicitado,normalização de cor descrita,separação por paciente,manifest,ensemble/incerteza discutido,https://github.com/gabrieldernbach/cell_niches,"RQ1, RQ2, RQ3, RQ4",Mostra a consolidação de modelos fundacionais e avaliação em larga escala.,10.1038_s41467-025-65783-z.md,VERDICT_GENERATED
10.1038_s41467-025-66889-0,sysrev_10_1038_s41467_025_66889_0,10.1038/s41467-025-66889-0,2025,Adaptive compression framework for giga-pixel whole slide images,SPRINGER,pulmão,modelo fundacional / representação,controle de qualidade ou artefatos explicitado,normalização de cor descrita,divisão treino/validação/teste descrita,código público,não central,https://github.com/Path,"RQ1, RQ2, RQ3",Mostra a consolidação de modelos fundacionais e avaliação em larga escala.,10.1038_s41467-025-66889-0.md,VERDICT_GENERATED
10.1038_s41523-024-00663-1,sysrev_10_1038_s41523_024_00663_1,10.1038/s41523-024-00663-1,2024,A panoptic segmentation dataset and deep-learning approach for explainable scoring of tumor-in fi ltrating lymphocytes,SPRINGER,mama,prognóstico / estratificação de risco,segmentação de tecido/fundo,normalização de cor descrita,separação por paciente,código público,não central,https://github.com/PathologyDataScience/MuTILs_Panoptic,"RQ1, RQ2, RQ3",Contribui com evidência sobre segmentação supervisionada em câncer.,10.1038_s41523-024-00663-1.md,VERDICT_GENERATED
10.1038_s41551-022-00929-8,sysrev_10_1038_s41551_022_00929_8,10.1038/s41551-022-00929-8,2022,Fast and scalable search of whole-slide images via self-supervised deep learning,SPRINGER,pulmão,prognóstico / estratificação de risco,controle de qualidade ou artefatos explicitado,não especificada,divisão treino/validação/teste descrita,código público,ensemble/incerteza discutido,https://github.com/mahmoodlab/SISH,"RQ1, RQ3, RQ4",Evidencia que QC e artefatos precisam ser tratados como parte do fluxo.,10.1038_s41551-022-00929-8.md,VERDICT_GENERATED
10.1038_s41551-025-01516-3,sysrev_10_1038_s41551_025_01516_3,10.1038/s41551-025-01516-3,2025,Benchmarking foundation models as feature extractors for weakly supervised computational pathology,SPRINGER,pulmão,modelo fundacional / representação,controle de qualidade ou artefatos explicitado,normalização de coloração mencionada,separação por paciente,código público,ensemble/incerteza discutido,Não localizado na conversão textual,"RQ1, RQ2, RQ3, RQ4",Mostra a consolidação de modelos fundacionais e avaliação em larga escala.,10.1038_s41551-025-01516-3.md,VERDICT_GENERATED
10.1038_s41591-021-01620-2,sysrev_10_1038_s41591_021_01620_2,10.1038/s41591-021-01620-2,2021,Artificial intelligence for diagnosis and Gleason grading of prostate cancer: the PANDA challenge,SPRINGER,pulmão,segmentação,controle de qualidade ou artefatos explicitado,não especificada,separação por paciente,código público,ensemble/incerteza discutido,https://github.com/DIAGNijmegen/panda-challenge,"RQ1, RQ2, RQ3, RQ4",Evidencia que QC e artefatos precisam ser tratados como parte do fluxo.,10.1038_s41591-021-01620-2.md,VERDICT_GENERATED
10.1038_s41591-025-03780-x,sysrev_10_1038_s41591_025_03780_x,10.1038/s41591-025-03780-x,2025,Real-world deployment of a fine-tuned pathology foundation model for lung cancer biomarker detection,SPRINGER,pulmão,modelo fundacional / representação,controle de qualidade ou artefatos explicitado,não especificada,divisão treino/validação/teste descrita,código público,não central,https://github.com/chadvanderbilt/EAGLE,"RQ1, RQ3",Mostra a consolidação de modelos fundacionais e avaliação em larga escala.,10.1038_s41591-025-03780-x.md,VERDICT_GENERATED
10.1038_s41591-025-03982-3,sysrev_10_1038_s41591_025_03982_3,10.1038/s41591-025-03982-3,2025,A multimodal whole-slide foundation model for pathology,SPRINGER,pulmão,modelo fundacional / representação,controle de qualidade ou artefatos explicitado,não especificada,separação por paciente,código público,ensemble/incerteza discutido,https://github.com/mahmoodlab/TITAN,"RQ1, RQ2, RQ3, RQ4",Mostra a consolidação de modelos fundacionais e avaliação em larga escala.,10.1038_s41591-025-03982-3.md,VERDICT_GENERATED
10.1038_s41592-021-01308-y,sysrev_10_1038_s41592_021_01308_y,10.1038/s41592-021-01308-y,2021,BRIEF COMMUNICATION,SPRINGER,pulmão,segmentação,controle de qualidade ou artefatos explicitado,não especificada,divisão treino/validação/teste descrita,nextflow,ensemble/incerteza discutido,https://github.com/labsyspharm/mcmicro,"RQ1, RQ3, RQ4",Evidencia que QC e artefatos precisam ser tratados como parte do fluxo.,10.1038_s41592-021-01308-y.md,VERDICT_GENERATED
10.1038_s41592-025-02707-1,sysrev_10_1038_s41592_025_02707_1,10.1038/s41592-025-02707-1,2025,A visual-omics foundation model to bridge histopathology with spatial transcriptomics,SPRINGER,pulmão,modelo fundacional / representação,controle de qualidade ou artefatos explicitado,não especificada,divisão treino/validação/teste descrita,código público,não central,https://github.com/GuangyuWangLab2021/Loki/,"RQ1, RQ3",Mostra a consolidação de modelos fundacionais e avaliação em larga escala.,10.1038_s41592-025-02707-1.md,VERDICT_GENERATED
10.1038_s41592-025-02795-z,sysrev_10_1038_s41592_025_02795_z,10.1038/s41592-025-02795-z,2025,Spatial gene expression at single-cell resolution from histology using deep learning with GHIST,SPRINGER,pulmão,modelo fundacional / representação,controle de qualidade ou artefatos explicitado,normalização de cor descrita,divisão treino/validação/teste descrita,código público,ensemble/incerteza discutido,https://github.com/SydneyBioX/GHIST/,"RQ1, RQ2, RQ3, RQ4",Mostra a consolidação de modelos fundacionais e avaliação em larga escala.,10.1038_s41592-025-02795-z.md,VERDICT_GENERATED
10.1038_s41597-020-00756-z,sysrev_10_1038_s41597_020_00756_z,10.1038/s41597-020-00756-z,2020,a completely annotated whole slide image dataset of canine breast cancer to aid human breast cancer research,SPRINGER,mama,segmentação,controle de qualidade ou artefatos explicitado,não especificada,divisão treino/validação/teste descrita,sqlite,não central,https://github.com/DeepPathology/MITOS_WSI_CMC/,"RQ1, RQ3",Evidencia que QC e artefatos precisam ser tratados como parte do fluxo.,10.1038_s41597-020-00756-z.md,VERDICT_GENERATED
10.1038_s41597-020-0528-1,sysrev_10_1038_s41597_020_0528_1,10.1038/s41597-020-0528-1,2020,Dataset of segmented nuclei in hematoxylin and eosin stained histopathology images of ten cancer types,SPRINGER,pulmão,segmentação,controle de qualidade ou artefatos explicitado,normalização de cor descrita,divisão treino/validação/teste descrita,governança não detalhada,não central,Não localizado na conversão textual,"RQ1, RQ2",Evidencia que QC e artefatos precisam ser tratados como parte do fluxo.,10.1038_s41597-020-0528-1.md,VERDICT_GENERATED
10.1038_s41597-025-05586-5,sysrev_10_1038_s41597_025_05586_5,10.1038/s41597-025-05586-5,2025,Comprehensive Benchmark Dataset for Pathological Lymph Node Metastasis in Breast Cancer Sections,SPRINGER,mama,modelo fundacional / representação,controle de qualidade ou artefatos explicitado,não especificada,separação por paciente,código público,não central,https://github.com/lingxitong/MIL_BASELINE,"RQ1, RQ2, RQ3",Mostra a consolidação de modelos fundacionais e avaliação em larga escala.,10.1038_s41597-025-05586-5.md,VERDICT_GENERATED
10.1038_s41597-025-05679-1,sysrev_10_1038_s41597_025_05679_1,10.1038/s41597-025-05679-1,2025,a fully annotated pathology slide dataset for early gastric cancer and precancerous lesions,SPRINGER,pulmão,modelo fundacional / representação,controle de qualidade ou artefatos explicitado,não especificada,separação por paciente,código público,não central,https://github.com/JSGe-AI/HiESD,"RQ1, RQ2, RQ3",Mostra a consolidação de modelos fundacionais e avaliação em larga escala.,10.1038_s41597-025-05679-1.md,VERDICT_GENERATED
10.1038_s41598-023-42045-w,sysrev_10_1038_s41598_023_42045_w,10.1038/s41598-023-42045-w,2023,A deep learning model to triage and predict adenocarcinoma on pancreas cytology whole slide imaging,SPRINGER,pulmão,segmentação,controle de qualidade ou artefatos explicitado,não especificada,divisão treino/validação/teste descrita,hdf5,pós-processamento descrito,https://github.com/ansoh,"RQ1, RQ3, RQ4",Evidencia que QC e artefatos precisam ser tratados como parte do fluxo.,10.1038_s41598-023-42045-w.md,VERDICT_GENERATED
10.1038_s41698-023-00491-9,sysrev_10_1038_s41698_023_00491_9,10.1038/s41698-023-00491-9,2023,Cancer drug sensitivity prediction from routine histology images,SPRINGER,pulmão,prognóstico / estratificação de risco,segmentação de tecido/fundo,normalização de coloração mencionada,divisão treino/validação/teste descrita,manifest,não central,https://github.com/engrodawood/HiDS,"RQ1, RQ2, RQ3",Contribui com evidência sobre segmentação supervisionada em câncer.,10.1038_s41698-023-00491-9.md,VERDICT_GENERATED
10.1038_s41698-024-00766-9,sysrev_10_1038_s41698_024_00766_9,10.1038/s41698-024-00766-9,2024,Deep learning for endometrial cancer subtyping and predicting tumor mutational burden from histopathological slides,SPRINGER,pulmão,prognóstico / estratificação de risco,segmentação de tecido/fundo,normalização de coloração mencionada,divisão treino/validação/teste descrita,hdf5,ensemble/incerteza discutido,https://github.com/cwwang1979/TR-MAMIL_EndometrialCancer_,"RQ1, RQ2, RQ3, RQ4",Reforça a importância de contratos de dados e execução reprodutível.,10.1038_s41698-024-00766-9.md,VERDICT_GENERATED
10.1038_s41698-025-00808-w,sysrev_10_1038_s41698_025_00808_w,10.1038/s41698-025-00808-w,2025,Histopathology and proteomics are synergistic for high-grade serous ovarian cancer platinum response prediction,SPRINGER,mama,modelo fundacional / representação,controle de qualidade ou artefatos explicitado,normalização de coloração mencionada,separação por paciente,manifest,ensemble/incerteza discutido,https://github.com/csabaiBio/HGSOC_platinum_response,"RQ1, RQ2, RQ3, RQ4",Mostra a consolidação de modelos fundacionais e avaliação em larga escala.,10.1038_s41698-025-00808-w.md,VERDICT_GENERATED
10.1038_s41746-025-01496-3,sysrev_10_1038_s41746_025_01496_3,10.1038/s41746-025-01496-3,2025,Self supervised arti fi cial intelligence predicts poor outcome from primary cutaneous squamous cell carcinoma at diagnosis,SPRINGER,pulmão,prognóstico / estratificação de risco,controle de qualidade ou artefatos explicitado,normalização de cor descrita,divisão treino/validação/teste descrita,código público,não central,https://github.com/ncoudray/DeepPATH,"RQ1, RQ2, RQ3",Evidencia que QC e artefatos precisam ser tratados como parte do fluxo.,10.1038_s41746-025-01496-3.md,VERDICT_GENERATED
10.1038_s41746-025-02003-4,sysrev_10_1038_s41746_025_02003_4,10.1038/s41746-025-02003-4,2025,HONeYBEE: enabling scalable multimodal AI in oncology through foundation modeldriven embeddings,SPRINGER,pulmão,modelo fundacional / representação,controle de qualidade ou artefatos explicitado,normalização de cor descrita,separação por paciente,código público,ensemble/incerteza discutido,https://github.com/lab-rasool/HoneyBeeunder,"RQ1, RQ2, RQ3, RQ4",Mostra a consolidação de modelos fundacionais e avaliação em larga escala.,10.1038_s41746-025-02003-4.md,VERDICT_GENERATED
10.1038_s41746-025-02027-w,sysrev_10_1038_s41746_025_02027_w,10.1038/s41746-025-02027-w,2025,PathOrchestra: a comprehensive foundation model for computational pathology with over 100 diverse clinicalgrade tasks,SPRINGER,pulmão,modelo fundacional / representação,controle de qualidade ou artefatos explicitado,não especificada,separação por paciente,código público,não central,https://github.com/yanfang-research/PathOrchestra,"RQ1, RQ2, RQ3",Mostra a consolidação de modelos fundacionais e avaliação em larga escala.,10.1038_s41746-025-02027-w.md,VERDICT_GENERATED
10.1038_s41746-025-02282-x,sysrev_10_1038_s41746_025_02282_x,10.1038/s41746-025-02282-x,2025,Interpretable multimodal deep learning improves postoperative risk strati fi cation in intrahepatic cholangiocarcinoma in multicentre cohorts,SPRINGER,mama,modelo fundacional / representação,controle de qualidade ou artefatos explicitado,normalização de cor descrita,separação por paciente,hdf5,ensemble/incerteza discutido,https://github.com/wmy123-zju/ICC-PPS,"RQ1, RQ2, RQ3, RQ4",Mostra a consolidação de modelos fundacionais e avaliação em larga escala.,10.1038_s41746-025-02282-x.md,VERDICT_GENERATED
10.1038_s42003-024-07398-6,sysrev_10_1038_s42003_024_07398_6,10.1038/s42003-024-07398-6,2024,A deep learning framework deploying segment anything to detect pan-cancer mitotic fi gures from haematoxylin and eosin-stained slides,SPRINGER,pulmão,modelo fundacional / representação,controle de qualidade ou artefatos explicitado,não especificada,divisão treino/validação/teste descrita,código público,ensemble/incerteza discutido,https://github.com/SZY1234567/OMG-Net,"RQ1, RQ3, RQ4",Mostra a consolidação de modelos fundacionais e avaliação em larga escala.,10.1038_s42003-024-07398-6.md,VERDICT_GENERATED
10.1038_s42256-024-00889-5,sysrev_10_1038_s42256_024_00889_5,10.1038/s42256-024-00889-5,2024,Accelerating histopathology workflows with generative AI-based virtually multiplexed tumour profiling,SPRINGER,pulmão,prognóstico / estratificação de risco,segmentação de tecido/fundo,normalização de cor descrita,separação por paciente,código público,pós-processamento descrito,https://github.com/AI4SCR/VirtualMultiplexer,"RQ1, RQ2, RQ3, RQ4",Contribui com evidência sobre segmentação supervisionada em câncer.,10.1038_s42256-024-00889-5.md,VERDICT_GENERATED
10.1038_s42256-025-01074-y,sysrev_10_1038_s42256_025_01074_y,10.1038/s42256-025-01074-y,2025,Histopathology-based protein multiplex generation using deep learning,SPRINGER,pulmão,modelo fundacional / representação,controle de qualidade ou artefatos explicitado,normalização de cor descrita,separação por paciente,código público,ensemble/incerteza discutido,https://github.com/ratschlab/HistoPlexer,"RQ1, RQ2, RQ3, RQ4",Mostra a consolidação de modelos fundacionais e avaliação em larga escala.,10.1038_s42256-025-01074-y.md,VERDICT_GENERATED
10.1038_s43018-022-00388-9,sysrev_10_1038_s43018_022_00388_9,10.1038/s43018-022-00388-9,2022,Multimodal data integration using machine learning improves risk stratification of high-grade serous ovarian cancer,SPRINGER,mama,prognóstico / estratificação de risco,controle de qualidade ou artefatos explicitado,normalização de cor descrita,divisão treino/validação/teste descrita,código público,não central,https://github.com/kmboehm/onco-fusion,"RQ1, RQ2, RQ3",Evidencia que QC e artefatos precisam ser tratados como parte do fluxo.,10.1038_s43018-022-00388-9.md,VERDICT_GENERATED
10.1038_s43018-023-00576-1,sysrev_10_1038_s43018_023_00576_1,10.1038/s43018-023-00576-1,2023,High-plex immunofluorescence imaging and traditional histology of the same tissue section for discovering image-based biomarkers,SPRINGER,pulmão,prognóstico / estratificação de risco,segmentação de tecido/fundo,não especificada,divisão treino/validação/teste descrita,código público,ensemble/incerteza discutido,Não localizado na conversão textual,"RQ1, RQ3, RQ4",Relaciona agregação de modelos ou incerteza à segurança da inferência.,10.1038_s43018-023-00576-1.md,VERDICT_GENERATED
10.1038_s43018-023-00694-w,sysrev_10_1038_s43018_023_00694_w,10.1038/s43018-023-00694-w,2023,The artificial intelligence-based model ANORAK improves histopathological grading of lung adenocarcinoma,SPRINGER,pulmão,prognóstico / estratificação de risco,não central,não especificada,divisão treino/validação/teste descrita,código público,ensemble/incerteza discutido,https://github.com/xi11/AIgrading,"RQ3, RQ4",Relaciona agregação de modelos ou incerteza à segurança da inferência.,10.1038_s43018-023-00694-w.md,VERDICT_GENERATED
10.1038_s43856-022-00186-5,sysrev_10_1038_s43856_022_00186_5,10.1038/s43856-022-00186-5,2022,TIAToolbox as an end-to-end library for advanced tissue image analytics,SPRINGER,pulmão,prognóstico / estratificação de risco,controle de qualidade ou artefatos explicitado,normalização de cor descrita,divisão treino/validação/teste descrita,"sqlite, zarr",pós-processamento descrito,https://github.com/TissueImageAnalytics/tiatoolbox/tree/publication,"RQ1, RQ2, RQ3, RQ4",Evidencia que QC e artefatos precisam ser tratados como parte do fluxo.,10.1038_s43856-022-00186-5.md,VERDICT_GENERATED
10.1038_s43856-023-00421-7,sysrev_10_1038_s43856_023_00421_7,10.1038/s43856-023-00421-7,2023,Multi-resolution deep learning characterizes tertiary lymphoid structures and their prognostic relevance in solid tumors,SPRINGER,pulmão,prognóstico / estratificação de risco,controle de qualidade ou artefatos explicitado,não especificada,separação por paciente,código público,pós-processamento descrito,https://github.com/DIAGNijmegen/pathology-hooknet-tls,"RQ1, RQ2, RQ3, RQ4",Evidencia que QC e artefatos precisam ser tratados como parte do fluxo.,10.1038_s43856-023-00421-7.md,VERDICT_GENERATED
10.1186_s12859-024-05758-x,sysrev_10_1186_s12859_024_05758_x,10.1186/s12859-024-05758-x,2024,Slideflow: deep learning for digital histopathology with real-time whole-slide visualization,SPRINGER,pulmão,prognóstico / estratificação de risco,controle de qualidade ou artefatos explicitado,normalização de cor descrita,separação por paciente,governança não detalhada,ensemble/incerteza discutido,https://github.com/james,"RQ1, RQ2, RQ4",Evidencia que QC e artefatos precisam ser tratados como parte do fluxo.,10.1186_s12859-024-05758-x.md,VERDICT_GENERATED
10.1186_s13040-025-00495-0,sysrev_10_1186_s13040_025_00495_0,10.1186/s13040-025-00495-0,2025,Clinically aligned multi-modal image-text model for pan-cancer prognosis prediction,SPRINGER,pulmão,modelo fundacional / representação,controle de qualidade ou artefatos explicitado,não especificada,separação por paciente,código público,ensemble/incerteza discutido,Não localizado na conversão textual,"RQ1, RQ2, RQ3, RQ4",Mostra a consolidação de modelos fundacionais e avaliação em larga escala.,10.1186_s13040-025-00495-0.md,VERDICT_GENERATED
