normalization,normalization_label,level,metric,point_estimate,ci_low,ci_high,source
NOT_NORMALIZED,Sem normalizacao,micro,dice,0.8152279653771298,0.730996866341513,0.8843063783735919,ENSEMBLE_METRICS_11_05_2026_14_51_19.json
NOT_NORMALIZED,Sem normalizacao,micro,iou,0.6880884605253437,0.5760402374444619,0.7926068243605757,ENSEMBLE_METRICS_11_05_2026_14_51_19.json
NOT_NORMALIZED,Sem normalizacao,micro,tpr,0.7413478942480562,0.6133159984600929,0.8605977999061777,ENSEMBLE_METRICS_11_05_2026_14_51_19.json
NOT_NORMALIZED,Sem normalizacao,micro,tnr,0.9821971210192604,0.9686461606718826,0.9904002008109638,ENSEMBLE_METRICS_11_05_2026_14_51_19.json
NOT_NORMALIZED,Sem normalizacao,micro,precision,0.9054631766971757,0.8382644986634995,0.9528244947038292,ENSEMBLE_METRICS_11_05_2026_14_51_19.json
NOT_NORMALIZED,Sem normalizacao,micro,accuracy,0.9371594193563552,0.8884685596915125,0.9700190778509274,ENSEMBLE_METRICS_11_05_2026_14_51_19.json
NOT_NORMALIZED,Sem normalizacao,micro,fpr,0.017802878980739605,0.009599799189036208,0.03135383932811731,ENSEMBLE_METRICS_11_05_2026_14_51_19.json
NOT_NORMALIZED,Sem normalizacao,micro,fnr,0.2586521057519438,0.13940220009382237,0.38668400153990706,ENSEMBLE_METRICS_11_05_2026_14_51_19.json
NOT_NORMALIZED,Sem normalizacao,macro,dice,0.47437370657757766,0.37594363630229816,0.57258006990485,ENSEMBLE_METRICS_11_05_2026_14_51_19.json
NOT_NORMALIZED,Sem normalizacao,macro,iou,0.4317634138943389,0.33869944693471116,0.5256470702104418,ENSEMBLE_METRICS_11_05_2026_14_51_19.json
NOT_NORMALIZED,Sem normalizacao,macro,tpr,0.7891604090741381,0.7274456784377269,0.8444849233880282,ENSEMBLE_METRICS_11_05_2026_14_51_19.json
NOT_NORMALIZED,Sem normalizacao,macro,tnr,0.95450625044993,0.9325496850754705,0.9740143076679486,ENSEMBLE_METRICS_11_05_2026_14_51_19.json
NOT_NORMALIZED,Sem normalizacao,macro,precision,0.45438289871042303,0.34748814555221164,0.5640719457360488,ENSEMBLE_METRICS_11_05_2026_14_51_19.json
NOT_NORMALIZED,Sem normalizacao,macro,accuracy,0.9238374481032156,0.8944004239532662,0.9492562353788199,ENSEMBLE_METRICS_11_05_2026_14_51_19.json
NOT_NORMALIZED,Sem normalizacao,macro,fpr,0.04549374955007006,0.025985692332051256,0.06745031492452953,ENSEMBLE_METRICS_11_05_2026_14_51_19.json
NOT_NORMALIZED,Sem normalizacao,macro,fnr,0.21083959092586194,0.15551507661197192,0.27255432156227305,ENSEMBLE_METRICS_11_05_2026_14_51_19.json
NOT_NORMALIZED,Sem normalizacao,rule6,dice_pos_only,0.8019874426218063,0.7252991015579519,0.8672254839338838,ENSEMBLE_METRICS_11_05_2026_14_51_19.json
NOT_NORMALIZED,Sem normalizacao,rule6,neg_clean_rate,0.17073170731707318,0.0625,0.29545454545454547,ENSEMBLE_METRICS_11_05_2026_14_51_19.json
NOT_NORMALIZED,Sem normalizacao,auc,auc,0.9561013828102061,,,ENSEMBLE_METRICS_11_05_2026_14_51_19.json
REINHARD,Reinhard,micro,dice,0.7560361891241232,0.6733507994676425,0.8320887062533158,ENSEMBLE_METRICS_11_05_2026_15_16_10.json
REINHARD,Reinhard,micro,iou,0.6077638131544976,0.5075575366067075,0.7124588234706,ENSEMBLE_METRICS_11_05_2026_15_16_10.json
REINHARD,Reinhard,micro,tpr,0.6502545209966788,0.5373095810776349,0.7720526021885915,ENSEMBLE_METRICS_11_05_2026_15_16_10.json
REINHARD,Reinhard,micro,tnr,0.9839195907476598,0.9706650310940782,0.9916732870154892,ENSEMBLE_METRICS_11_05_2026_15_16_10.json
REINHARD,Reinhard,micro,precision,0.9029209581788502,0.8309307942421947,0.9530461839899692,ENSEMBLE_METRICS_11_05_2026_15_16_10.json
REINHARD,Reinhard,micro,accuracy,0.9215257517960712,0.8669470504540968,0.9600990964129383,ENSEMBLE_METRICS_11_05_2026_15_16_10.json
REINHARD,Reinhard,micro,fpr,0.016080409252340236,0.008326712984510733,0.029334968905921834,ENSEMBLE_METRICS_11_05_2026_15_16_10.json
REINHARD,Reinhard,micro,fnr,0.34974547900332126,0.22794739781140855,0.462690418922365,ENSEMBLE_METRICS_11_05_2026_15_16_10.json
REINHARD,Reinhard,macro,dice,0.463535570026272,0.3694660978335597,0.5572502088149499,ENSEMBLE_METRICS_11_05_2026_15_16_10.json
REINHARD,Reinhard,macro,iou,0.41344875826415467,0.32469559891351046,0.5018588071104466,ENSEMBLE_METRICS_11_05_2026_15_16_10.json
REINHARD,Reinhard,macro,tpr,0.7034849702974251,0.636399248508732,0.7669026928773343,ENSEMBLE_METRICS_11_05_2026_15_16_10.json
REINHARD,Reinhard,macro,tnr,0.9642662967318659,0.9457311301171605,0.9801273992855886,ENSEMBLE_METRICS_11_05_2026_15_16_10.json
REINHARD,Reinhard,macro,precision,0.47016220242731316,0.36082619482995887,0.5800758170601794,ENSEMBLE_METRICS_11_05_2026_15_16_10.json
REINHARD,Reinhard,macro,accuracy,0.9010770929744517,0.8630762261382376,0.9337816373081788,ENSEMBLE_METRICS_11_05_2026_15_16_10.json
REINHARD,Reinhard,macro,fpr,0.035733703268134055,0.01987260071441145,0.05426886988283944,ENSEMBLE_METRICS_11_05_2026_15_16_10.json
REINHARD,Reinhard,macro,fnr,0.2965150297025751,0.23309730712266577,0.3636007514912681,ENSEMBLE_METRICS_11_05_2026_15_16_10.json
REINHARD,Reinhard,rule6,dice_pos_only,0.7531397376861969,0.6741308828849837,0.8218608991387671,ENSEMBLE_METRICS_11_05_2026_15_16_10.json
REINHARD,Reinhard,rule6,neg_clean_rate,0.1951219512195122,0.07894736842105263,0.3235294117647059,ENSEMBLE_METRICS_11_05_2026_15_16_10.json
REINHARD,Reinhard,auc,auc,0.9533801050041085,,,ENSEMBLE_METRICS_11_05_2026_15_16_10.json
RUIFROK,Ruifrok,micro,dice,0.8288875621432226,0.7796240473415188,0.8723385058226445,ENSEMBLE_METRICS_12_05_2026_13_11_34.json
RUIFROK,Ruifrok,micro,iou,0.7077779514152784,0.6388392410287851,0.7735818863602919,ENSEMBLE_METRICS_12_05_2026_13_11_34.json
RUIFROK,Ruifrok,micro,tpr,0.8102406262710546,0.7332741531311978,0.8924491723753234,ENSEMBLE_METRICS_12_05_2026_13_11_34.json
RUIFROK,Ruifrok,micro,tnr,0.9667028831996037,0.9514051294727922,0.9775752392550087,ENSEMBLE_METRICS_12_05_2026_13_11_34.json
RUIFROK,Ruifrok,micro,precision,0.8484129997559627,0.7586040361213323,0.9108586038817925,ENSEMBLE_METRICS_12_05_2026_13_11_34.json
RUIFROK,Ruifrok,micro,accuracy,0.9374451581758615,0.9052929796508914,0.9610947292771597,ENSEMBLE_METRICS_12_05_2026_13_11_34.json
RUIFROK,Ruifrok,micro,fpr,0.03329711680039628,0.022424760744991362,0.04859487052720772,ENSEMBLE_METRICS_12_05_2026_13_11_34.json
RUIFROK,Ruifrok,micro,fnr,0.1897593737289453,0.10755082762467658,0.26672584686880224,ENSEMBLE_METRICS_12_05_2026_13_11_34.json
RUIFROK,Ruifrok,macro,dice,0.4105198169303974,0.31504106694866907,0.5085902259404684,ENSEMBLE_METRICS_12_05_2026_13_11_34.json
RUIFROK,Ruifrok,macro,iou,0.3679333915025668,0.2802158840316498,0.4597560186765858,ENSEMBLE_METRICS_12_05_2026_13_11_34.json
RUIFROK,Ruifrok,macro,tpr,0.8487769365361806,0.8062307085902402,0.8886608076144511,ENSEMBLE_METRICS_12_05_2026_13_11_34.json
RUIFROK,Ruifrok,macro,tnr,0.9333009866851049,0.9062259713590821,0.9567717237187047,ENSEMBLE_METRICS_12_05_2026_13_11_34.json
RUIFROK,Ruifrok,macro,precision,0.4067455123294049,0.30717498827309464,0.5106218452338122,ENSEMBLE_METRICS_12_05_2026_13_11_34.json
RUIFROK,Ruifrok,macro,accuracy,0.9194672995968663,0.8928174950771375,0.942922054206321,ENSEMBLE_METRICS_12_05_2026_13_11_34.json
RUIFROK,Ruifrok,macro,fpr,0.06669901331489511,0.043228276281295254,0.09377402864091794,ENSEMBLE_METRICS_12_05_2026_13_11_34.json
RUIFROK,Ruifrok,macro,fnr,0.1512230634638193,0.1113391923855489,0.19376929140975976,ENSEMBLE_METRICS_12_05_2026_13_11_34.json
RUIFROK,Ruifrok,rule6,dice_pos_only,0.8008175141447736,0.7251523609092961,0.8671738525872309,ENSEMBLE_METRICS_12_05_2026_13_11_34.json
RUIFROK,Ruifrok,rule6,neg_clean_rate,0.04878048780487805,0.0,0.125,ENSEMBLE_METRICS_12_05_2026_13_11_34.json
RUIFROK,Ruifrok,auc,auc,0.9579982593330221,,,ENSEMBLE_METRICS_12_05_2026_13_11_34.json
MACENKO,Macenko,micro,dice,0.8127869205799674,0.7620604751911748,0.8618648110415064,ENSEMBLE_METRICS_12_05_2026_13_13_22.json
MACENKO,Macenko,micro,iou,0.6846175591133339,0.6155878053168311,0.7572604901474791,ENSEMBLE_METRICS_12_05_2026_13_13_22.json
MACENKO,Macenko,micro,tpr,0.7483539401515424,0.66869007913997,0.8336957788600928,ENSEMBLE_METRICS_12_05_2026_13_13_22.json
MACENKO,Macenko,micro,tnr,0.9785870088982732,0.9654823972426407,0.9872269167979788,ENSEMBLE_METRICS_12_05_2026_13_13_22.json
MACENKO,Macenko,micro,precision,0.8893605114338149,0.8140666161627483,0.9407471765285574,ENSEMBLE_METRICS_12_05_2026_13_13_22.json
MACENKO,Macenko,micro,accuracy,0.9355344801351203,0.8964701009121935,0.9636810066203378,ENSEMBLE_METRICS_12_05_2026_13_13_22.json
MACENKO,Macenko,micro,fpr,0.021412991101726786,0.012773083202021243,0.03451760275735928,ENSEMBLE_METRICS_12_05_2026_13_13_22.json
MACENKO,Macenko,micro,fnr,0.2516460598484575,0.16630422113990725,0.3313099208600299,ENSEMBLE_METRICS_12_05_2026_13_13_22.json
MACENKO,Macenko,macro,dice,0.4324856422675506,0.33808129302360107,0.5292416310597163,ENSEMBLE_METRICS_12_05_2026_13_13_22.json
MACENKO,Macenko,macro,iou,0.3850328021529379,0.29838554300853837,0.4749567671619632,ENSEMBLE_METRICS_12_05_2026_13_13_22.json
MACENKO,Macenko,macro,tpr,0.7496965940571958,0.6825722855024411,0.8081340360449076,ENSEMBLE_METRICS_12_05_2026_13_13_22.json
MACENKO,Macenko,macro,tnr,0.9542633096483946,0.9334113382792291,0.9722430782287613,ENSEMBLE_METRICS_12_05_2026_13_13_22.json
MACENKO,Macenko,macro,precision,0.4324482403550085,0.3286384956552985,0.5397815720564213,ENSEMBLE_METRICS_12_05_2026_13_13_22.json
MACENKO,Macenko,macro,accuracy,0.9120262267509128,0.8837962363606353,0.9370188602991442,ENSEMBLE_METRICS_12_05_2026_13_13_22.json
MACENKO,Macenko,macro,fpr,0.04573669035160545,0.027756921771238632,0.06658866172077105,ENSEMBLE_METRICS_12_05_2026_13_13_22.json
MACENKO,Macenko,macro,fnr,0.2503034059428042,0.19186596395509234,0.3174277144975588,ENSEMBLE_METRICS_12_05_2026_13_13_22.json
MACENKO,Macenko,rule6,dice_pos_only,0.7675359405035919,0.6849115962098186,0.8375333447225144,ENSEMBLE_METRICS_12_05_2026_13_13_22.json
MACENKO,Macenko,rule6,neg_clean_rate,0.12195121951219512,0.027009246088193474,0.23255813953488372,ENSEMBLE_METRICS_12_05_2026_13_13_22.json
MACENKO,Macenko,auc,auc,0.960333630493625,,,ENSEMBLE_METRICS_12_05_2026_13_13_22.json
VAHADANE,Vahadane,micro,dice,0.7553668481490939,0.669928203678499,0.8214740185676467,ENSEMBLE_METRICS_12_05_2026_13_17_25.json
VAHADANE,Vahadane,micro,iou,0.6068991871426377,0.5036782267388781,0.6970351368711799,ENSEMBLE_METRICS_12_05_2026_13_17_25.json
VAHADANE,Vahadane,micro,tpr,0.8018955961270263,0.6861760911389706,0.9032196477476689,ENSEMBLE_METRICS_12_05_2026_13_17_25.json
VAHADANE,Vahadane,micro,tnr,0.9260993892725848,0.9040437885319202,0.9450896771520538,ENSEMBLE_METRICS_12_05_2026_13_17_25.json
VAHADANE,Vahadane,micro,precision,0.7139415001465073,0.5851031140990227,0.8105182968502554,ENSEMBLE_METRICS_12_05_2026_13_17_25.json
VAHADANE,Vahadane,micro,accuracy,0.9028738491449233,0.8635607430378588,0.9315659731286016,ENSEMBLE_METRICS_12_05_2026_13_17_25.json
VAHADANE,Vahadane,micro,fpr,0.0739006107274152,0.054910322847946225,0.09595621146807974,ENSEMBLE_METRICS_12_05_2026_13_17_25.json
VAHADANE,Vahadane,micro,fnr,0.19810440387297365,0.09678035225233109,0.31382390886102923,ENSEMBLE_METRICS_12_05_2026_13_17_25.json
VAHADANE,Vahadane,macro,dice,0.40900575173456977,0.31537808601104483,0.5055427385091902,ENSEMBLE_METRICS_12_05_2026_13_17_25.json
VAHADANE,Vahadane,macro,iou,0.36746746016570214,0.28080893612890484,0.4590223009276167,ENSEMBLE_METRICS_12_05_2026_13_17_25.json
VAHADANE,Vahadane,macro,tpr,0.858798185674393,0.811409226786861,0.9009647067566076,ENSEMBLE_METRICS_12_05_2026_13_17_25.json
VAHADANE,Vahadane,macro,tnr,0.8860778895979898,0.854103859466325,0.915388609987392,ENSEMBLE_METRICS_12_05_2026_13_17_25.json
VAHADANE,Vahadane,macro,precision,0.3793813544769631,0.2831819089653593,0.4816330539915109,ENSEMBLE_METRICS_12_05_2026_13_17_25.json
VAHADANE,Vahadane,macro,accuracy,0.8865879375716079,0.8563833388054872,0.9140097828414796,ENSEMBLE_METRICS_12_05_2026_13_17_25.json
VAHADANE,Vahadane,macro,fpr,0.11392211040201017,0.08461139001260795,0.14589614053367495,ENSEMBLE_METRICS_12_05_2026_13_17_25.json
VAHADANE,Vahadane,macro,fnr,0.141201814325607,0.0990352932433925,0.188590773213139,ENSEMBLE_METRICS_12_05_2026_13_17_25.json
VAHADANE,Vahadane,rule6,dice_pos_only,0.7450382733429215,0.6537033945855761,0.8285332317541602,ENSEMBLE_METRICS_12_05_2026_13_17_25.json
VAHADANE,Vahadane,rule6,neg_clean_rate,0.0975609756097561,0.022727272727272728,0.2,ENSEMBLE_METRICS_12_05_2026_13_17_25.json
VAHADANE,Vahadane,auc,auc,0.9409957588338214,,,ENSEMBLE_METRICS_12_05_2026_13_17_25.json
