name,id
820AB068-8502-44DC-BAB5-44FDDDE9F3D7.ndpi,1taso1zGJheGP-tbC0JuqxqpQBdpsY0OO
B05AB616-16A0-49CB-8E6E-B9282F152021.ndpi,11toCt74L8_zXBpZCqwjyKjnbx7ssUn1L
0DD4B769-9A70-427B-AF8E-039708FFD199.ndpi,1YrG8gwOCDs-UvHK8MY6vXRISLSisKv9L
E40A8D41-9E16-44C8-A3BD-BD70E97A08E5.ndpi,1bI0U63GJAulyZ6qpgLZUuQqOLkBL6R14
079CECE8-1E60-490E-BB2C-7FF8859F53F9.ndpi,1lzfUmFhVv0r9HCZNuo4Ce4mthmC7794s
DFEEDC77-8C6A-473F-99AC-8859173D09F3.ndpi,1ZJUIdXPbtswipLjRbBwxGnYu2Iz7kmfl
A8402790-7576-42CB-A171-AC8C0266A2AF.ndpi,1JnPJSZirPHGGvSJZw7NmXKEzTzSAKcmu
043256F7-8046-413C-8A64-BDA3F2A524FD.ndpi,1LXc1YZQEgtjUf176lEtcKTQ6d-ukmr3m
ED12EC6C-FD98-4002-8A95-ADB24C28B86A.ndpi,1-z7XZnobwkWC4Obbca0uuigJhusghhFG
DB6131F4-BA95-4EBD-A491-2BAB0503C32A.ndpi,1X5haFIsITwH3WYjcH7wQ0IC8eueT0HfF
57BEF790-34A2-4B4B-B3FA-A86E406735F8.ndpi,1NQejDdgNcmhaKm3evhERgs3RzZf8fA0c
2C2D7599-D04A-44DF-A5EA-7C180F3D190E.ndpi,1lGBk_Bnxt3BnDMpijAb9YKSElzv_gimI
1BFBEC48-0AC8-4E8E-830D-A05CBE262C88.ndpi,1WKCw6Xex9dgy2fQgz9sXjZF5xGzdy8FS
FFFC6873-768C-42EA-9414-80E765E26E6A.ndpi,13EzDfYC8Jiu72RluWbXzBl7bnQM3DDKW
E959B898-7D1B-41CF-9FAA-5680617879F0.ndpi,1D_PmNsD_dz82q_t8zG9-VBQI_pq1XTpn
C3CB303B-5699-4BD6-8C32-31357CE41A60.ndpi,1DMqnQiof7tSDy5HqL9eIaDy4Wmcal7E9
9BFFA511-6172-4068-A68C-E39093CBC2F1.ndpi,1qrvVXo1-TPHydPxST-7ij-L47QIoxs-B
73A8CABF-3292-4CB0-8231-A0B6B5FC33D4.ndpi,1mkUpyTuZQyj61zyCX28PZ6FJ3mKe3VvD
510BA788-E927-48F9-A277-E8506FBF18DE.ndpi,1vsfFJz3WhNM8JHaRIY8dOSSKscRN3ulS
3E3641BB-B280-479E-AAE8-1F8BCB6EC265.ndpi,1T7gUTsyikw8GDH5M1HKAeVb8Kdup2obn
1FF1C7FF-33EF-4335-8894-FC819FA41D3B.ndpi,1QlDuVK-SHmD2-Pw-W5MclmUvomDeUhLw
12E4B8CF-F193-4632-8BDD-078572828ECC.ndpi,10n1GRvv6d2M-q64fIqzJlzZKlB9kgG0T
EFE6F754-0DF8-42B5-A615-8AE6A9086746.ndpi,1wjmIfjWW_O9r3ERJBz7gZtKNp41EEecd
E7223CB1-C29E-4D7B-BDE2-D54CF9BA15A1.ndpi,1s3fh00waGQYoKMobblFh8VvtdO2oa6T6
E157B770-CC8B-4EF8-BA24-34F3AFB2DD16.ndpi,17riNwGMjMOiWW3RtVd_VKysb96foF0AC
DF4740B3-A7E7-41AB-80CE-C99938AE5B57.ndpi,15Rn4wvVyqzTYcqrXzRg67p5EuR28Wi7R
C3DB7596-81F8-4874-8E41-0446C48DF710.ndpi,1yHnXRPE835b33tAM7GsiZ-vVrAejEDUC
BBFF077A-14B5-4C71-9BBD-6E9D2067830F.ndpi,1qEpZ5Xk7Z2_FDdHDCVKzMQF4rJ0mWyBq
B59431C3-5432-4897-8785-615914503C4B.ndpi,14_7ZWs-VO-wxUQd76olmFJghMPxSwWSV
A97FFCAC-871D-45A9-9334-85F7073EB463.ndpi,1EHqBnu2R3tOWapcdSf0mbjEzmBD_Mvsk
9BE69D38-2197-48B4-953E-F526D1450578.ndpi,1H9ZXd5TrvDFVyv3Sru5FZs0xrxu2Fhc6
9472933C-4983-44CC-9301-D5C5AA5BD576.ndpi,1qW8cLDEnwPqmsNTjgMOFCS_oUPFa-Mbt
86668BAD-251F-4CB4-BB15-54B043DC388A.ndpi,1klJnBoCHk6gvF0_ej-O8-r5mRp-CHjrD
70D08149-D77F-4336-BD69-A2456DA38BC8.ndpi,1UfjyFmypRMw7t3aAwJevkyH2DYfqkzhh
69F63AC6-3A25-4E55-9EF3-F64A6050F3FD.ndpi,1WnYfmZ9Yk1I7kmjkJFEc0o3xGLOmqPl4
60C97D7A-62CC-420F-9D98-D978BF765ED7.ndpi,1NsFA5eaqqKdJL6rpNvA3-t86EjPqXIGL
5A3FF7F8-E20E-412F-9D84-3756D3A45F4B.ndpi,1MYymUjxKdS9KYyDCZaAYYuUDapkhG_Mk
4ABD96BA-7B6A-43A5-883F-47C8CCEF7480.ndpi,1gDTZVXgVN7kAeCVDbIr_Yt8rUVL4_pMN
3FA3216D-8DEB-4B16-9189-BC2828C4EF0D.ndpi,1tjQ4mNST1mpmvU8wWWf7sqwO8xy0t8rQ
35B51168-1B35-47FE-9117-E7E5A3D1AE52.ndpi,15-bzX1iiNbuZkpVocxtGI4-NUoPKm041
32E3B513-4F9F-49C1-829B-6C690299BB98.ndpi,1UE1y6BCxegxSHeWvw3x1b3pWZkk_a5jh
28FB7B71-B9E7-482D-96FB-E03FE965E087.ndpi,1fYZo5PTwAbBHXvPSWTpr_t9GDHjcB4h6
2315BEF6-3832-4AB9-8F6D-3514AD4E6925.ndpi,1dSKwl4X8mrCoeTjbEyH7-dVkskR-vJ53
08C50B11-CEF9-45AF-B593-B52210DBA957.ndpi,1I1AdRO1JqRbviYhCRS3vCtyiNDAoKzZq
0340F85A-E6C4-4305-91F9-DAE1E7E9730D.ndpi,166ycRf9U4mSja3GAnV2ZFnYBKz-fs72T
BD1DDA9F-0043-4BBE-A53A-2FF15C1A96A2.ndpi,1dR0bFbfWW5ka40OKJcLXXEiaC_2Fmk0c
53EC11DF-CA72-4B15-A845-ECB2CCA0DFE4.ndpi,1kBVyGlsGCmny7YHbYmvrsCxNJQd8bfQh
E1BDF89B-DF52-442F-89E5-F78C8A1B5B4F.ndpi,1irMSJCmfy2E6V4RmvYmTXqXrNR2TvofQ
D3C98069-CF8F-453F-9B02-9ECDBB9C2CA0.ndpi,11d9F1yYRIbYn9l8hAeTnYEHXK6nCPGYc
69A57C52-B93C-4357-BA00-6669D38B9F4E.ndpi,17Mlc40y3dc3o6Ck1t6X05_N6B9s_9gSB
31EC5C64-921A-4187-9747-D52EC068EDDF.ndpi,1r1fefeJEfAVtByn1mMVZ1r9lapnTLaf-
29604FA4-BED9-4E3F-9EA4-1CC90DDEBDFB.ndpi,1ONu0-EwRBiiyf_waoRiJNA6uSGfteDA6
06F8994B-BB03-4C8E-BA7E-9BC8B823EE44.ndpi,18D4XE8ANkqOrWHvtQW3ugIx6ArqgPA6T
EF4FFD57-0B30-4350-A878-79CD5FA5CCC6.ndpi,1_a460-DQZNV6ig_52BTOUMJuBurFXyG-
E1C2F9C6-21EF-4C21-846C-070BE4EB51EB.ndpi,1QjkXFBQ2VBmY4mR6nFzJi16cnqGsxOpz
CB5C6044-D313-4900-891E-64D3245E5706.ndpi,1SIsVZ_O6Ip7Yo0_P_r-NJeMvnBxvnTij
A8A59458-F16E-447E-83B5-6F8F228416E7.ndpi,1SKqDpRZA6mdHgApCBOA-wiou0VRRd5Ir
8189D0CE-9029-4AA8-A47F-8C2E1732A5B3.ndpi,1fzUOZ-n39mYpbynQ_RKrDjre7IJp8Tby
6CAE69B0-4891-4503-8982-0C05D511BCE8.ndpi,1prwQuexooWYW5n3Wrr0FtcqBptyROwrJ
2B3EFD2A-A917-41A0-B5E1-83D7AA4A14CF.ndpi,1wvG8P0wZSD9ps0VXLu2pKgYzbtsFXwOM
189442EC-1409-42C0-8323-C52AE85943F7.ndpi,19tO9PHfpB6mndqd7LCQ6x4nBp1AlhJS4
FBDB1523-57F1-4CBA-A584-A6414BBD8EB8.ndpi,1d5Opro4A8bCVlmHRMcZBCrG-E-osIlWg
F61D0446-9BF2-4B15-92D3-39AB97D9F9A6.ndpi,11rkufPGiAfnNo2AVFUcmsMZWziUWo4gL
C66F0BC9-4581-4E66-9458-CF0059168AFA.ndpi,1vaFFAkPwoT-ow1TFD7s8GQa4a_WQ4UZe
C2C7C81B-3688-41D3-8FD8-174A1AC5599F.ndpi,1Jj15viTV_CqWr3YtlZ-V2Rf4c6Q5aqj3
B7C350CA-B26F-43CF-9F4A-4B7370013B5C.ndpi,134ZQiDxMWNpdLj0OO8IPo7hzlCo-j9Yb
B2AF8ECF-281A-4C2C-9EC3-3507B5DA6AAB.ndpi,17vyIe7erP-9EuNqvT2ADtrCPZsGOcFqk
AB5D4DF7-B25D-4704-A818-DC059CB8F4D0.ndpi,1KOnNsJtfqtuxU6QjFmUr0GCFbVVzoybn
A699D303-D8AB-401A-81FF-43AF37ADE123.ndpi,1NmhSJLLZjDewMD0bBbkQEPjvUVLgSk90
97732A00-3666-4CF3-AFB6-22082B1561AD.ndpi,1fEKGWvSoc9gLhvc4-948znqoLavz60Rf
8DEC1ECA-02EA-4E97-B185-B1D2306B1AB7.ndpi,1oXQgP50bJ6FuWAly9W1jUk4YHBa_lXDy
813FDC5B-98C5-42F2-A058-6752230BA9EB.ndpi,1VlUtgb0OUqwbPZpMJ2t1TD-nb8hj21hc
739827EA-8469-4980-A084-E359009970A5.ndpi,1By7FDMjVo1N3GzTuIPcr2tW-wXELlkiT
6D61BE9C-921F-49D6-8E83-ED43BA0588A0.ndpi,19REj3GLOnqcJkK8pbfUJ_jazvO5YCtns
631DE472-60CE-42DA-8DE5-B75C709C82DA.ndpi,1ywiNX16OOi6KxOB202fXn4Tp3yyte_Lp
57D18806-4D19-41EF-8A12-4A8647E48A9C.ndpi,1KqvFOYHBSPni4yMtMTKwYUM3PlCdkIi5
4AFC0C5D-6537-4386-8823-3462CBDE2C65.ndpi,1HWXgseDnS6PxIupQ2doA1amdHyMaDNDL
4427BB46-EEAE-4423-AFFB-F8FF00E9B88D.ndpi,1vFwJY9UF3qET8kOqeZzKO-wthIOD9yFj
34D5AACC-E6B4-43EE-9A0F-09DB58F996B3.ndpi,1xtyTaCC4xgF0VWfWghMfR-1CZhf7-c7r
37C6A361-822A-471B-9024-88463B9D555C.ndpi,1wMHgvHHoSc8bD32aXNQKIq-M48gRgyWJ
2DA5137B-EF92-4060-9DD2-8E4DAF0AE93D.ndpi,1zjzGGZ7Dgf9TWzN25iqwDgyobQCPn1zb
23BAF671-958D-456A-B597-D13F3EDE316C.ndpi,1Kv5SBEUzIDNENtumCl4nc4ywzvatD0Yp
0EE68B0D-8E87-4D87-8567-4D3AFAD103B7.ndpi,13wDwqQSbR5A073pAniYvw0_8j2UFDT08
068184C5-74F0-4107-9169-1697034B0AC2.ndpi,17DSJtM07cPthoWyBiW4mMM0-mtHHkBYM
028EEF8B-FFD0-4F92-8D23-704C74C9F40A.ndpi,1G_OdV9tJp8mjLZRQKJBu5nm6paofQy2h
D2E8FF5D-03D9-424A-BB1A-D97544D5FB26.ndpi,13dvxC22apWa0DbVRrhkAK7uWwCzErCF6
D0E8DABF-2291-4726-84BC-5B2199D14DD0.ndpi,1EmBTFye_AJqqmyQBJBY9ijNAHuHWAhL1
9DC923BB-5D07-4662-BD00-05A85D7AD9A0.ndpi,1Gtlle020dF2XszVZR4h8JtHSB2reQIhX
7B04EEB2-2026-446D-84A6-4D9116D7E576.ndpi,1aNhQWuCDXykWEPthnzPzTJp66KZpQ0Lg
695CD65D-4AB3-41CB-9512-A2AE55AE2C0F.ndpi,1ae4bn-va7OQ4nMVPcyAcCGoPfZ5z9biS
5B9F83D9-79D3-49AC-9935-36AFF196DE4B.ndpi,1sAtZeq7Xz-sx8ThtGTow0WjgCHy-12LP
3FD94845-A913-44BB-AA68-BAC5ABDEA833.ndpi,1CXOUqBu7Fn6aMoojxwjbrCLBYR5N8rUG
36FB2466-87A4-4929-9A8A-5577C1B62822.ndpi,1W8-GMeJGO6l5MMY2kFFFkx5xKqHeq8DL
2E9AC1B8-EE69-4B27-BE32-C662424863EC.ndpi,1OlbPMRqmy2uCP_x54Mj88D9OZT_Q40aL
2A44B7F6-3534-42CA-95F8-64A1B180BBBD.ndpi,143RlwIX6vAFUmBzMkeM32NRiSJmQhnI5
AFFB696E-051E-4EB9-B78B-73D894AE8644.ndpi,1MusdoSvsVtUeycp5I7H6PYVtM4bYZ8v3
FF42FC9C-B6B5-4637-96DA-C4157D3D40BA.ndpi,1sRQ9SbkuutGiSZiuFAMF1VJ4uH74nHck
F9F24B13-FCB0-429B-A9F6-5BDD765B185F.ndpi,1WzNyTC-LC4DwSK-tqaYcymNh2GbRgEKf
F885DE5C-D671-4FA3-B776-4093C211411C.ndpi,1hbjoD8wrp41hXvPKx2QDkQbKSTb9y0gB
F7ACBEBD-086D-454C-B195-ED025E1F724D.ndpi,14no5g9Eg6eFlv9seHBWrG6tVQayvreGb
F277C9D6-04F6-4E36-AC62-DD9DAA671B6E.ndpi,1N21XY3YFisZ__Cus3tDHmLAOJhDIwSZZ
DF042564-2407-451C-806F-68F13F0A4923.ndpi,1D1-bbgyp1mS8IUbvBMCBb-IViaGZwM5d
D80263C5-A200-41BA-894B-E6754FD3283F.ndpi,1DmS7_cVqHVzqmP7voojIRDbn3tGk878Y
D6810791-E81F-40ED-9465-B8A34EDA1F81.ndpi,1Cx94UfsvZxkrEjjVWqK8e9j7M998Aw38
D5E93A16-13B1-4039-A160-6C05D45C834C.ndpi,1NLkd4qMkE3AwFsQymio2QLIq0qdXW7RU
D52868D7-20F8-4090-848E-B32299A1A3CE.ndpi,1nAxGN3O0qbCsDHtYrmDM3TYhW-zxUWFY
D4DB9A3B-A89F-4070-B67D-ECBC4086D562.ndpi,1gWbgw7qtsW04CMcon9-ndHT7x5UG8tKa
D3DC8588-C6DC-4756-B7A0-E811BDB38FB8.ndpi,1CGOI8sB1aNrd3ZFbryTAiSf864uyUNDv
C609CCF5-DB70-4D7E-B9FC-4C4EA539D55A.ndpi,1Fcvyk3v_OWj2dp2HXrRT06O8nTGe_c8X
C5C3D7E5-FD5D-42E6-897E-B731829EDF51.ndpi,1mYmS-Yk7R4BC5H5pL6Em6DZ5blK-dPSE
C4DE9010-539D-4F5A-AFD0-1FCCDE1D635C.ndpi,1RwEbkA_cLlGRCBInLysJmmsrR40k0-_H
C3F4BFD0-FC2B-4E0B-B480-0419E3DBAF7A.ndpi,1CHsaQmLCivjVPu78C72RT0l_C_ydEXAZ
BE4D26BA-1C90-4FB3-86D9-DD36AA8F7C98.ndpi,1zYlIp5N4vrG7COuqaoNx3rqMqj7-MTR6
ABD3E417-055A-400C-82FC-B6436D25DD6E.ndpi,1hImtGOE4muussDk-iZKCNyVHuDWbBIIa
A708C973-3B5D-4519-AA69-3D8E8CED6D24.ndpi,1bTBXh09r3wKfmwePEGES4I9WHcQ8viFd
9EEAA6CA-0AF5-4313-8BA9-D94945243FF5.ndpi,1xRT_7r0_-7s4nO1RR68-hOM-wL91qVe-
9CD54398-25F9-48A9-B16B-52967E6231B5.ndpi,1Mi51b5jK92ROYqgHjgawadYv2YA-DD_9
96DD2DCE-9F9B-4171-A7BB-7A9148E9C077.ndpi,1UZcAiaKtHq8HXY4k-pxGkrxTBXytzlf1
8DD23498-7F08-4E04-92E6-FD075DD50363.ndpi,1HzO5g0xxHvbqSVmpppZNMHCOFx6SiaMo
8AADB3CE-4811-44C0-8F26-E5F7D866E9B6.ndpi,1wCCKJDO6t0_bnFUdfhqf4MA2u66Z0mJX
88F8FCCC-2FF4-4EC6-8E0E-4B9ABD18308A.ndpi,1UT9rbPRI_6Ju2mW39gtBmy6f0en3gSa5
86D2515E-08A6-440C-B76F-72358FB3A885.ndpi,1XV3MN9CnLPtotaM8r9ZIfByJT9iqFMCb
836A502F-4EBE-402B-B209-9CE92586BFB5.ndpi,1m5NGHBJLuo5N98mcvlc8UBJZAVGn6is2
80BCAB97-A30C-490E-BD71-688478F51A50.ndpi,16x1BzXz244BdQ6y7cGOjWiqLML7nyyGy
7FDB1873-A660-4ED8-ACE9-1F023A3C03F9.ndpi,1sOt1nIe0uGWcTP_mHwuUMP7qG8xmdI7Z
7E6F37B4-D556-49F9-93DE-ED8771176268.ndpi,1U9ME97PqkPoIVLmHzPea0T0uD2LYtUQx
7D15C5EB-468B-4772-8520-BB371042EFA7.ndpi,1s0RfhVb23bL5P5rngsUhAcBKbA7KTfoM
78C90B91-4553-48FD-A7F7-02C84DCD3ED0.ndpi,1LJY85Qiisupu8TXQzfDqIFS8TmjAwAnA
6C669755-AC05-4102-81A7-893B5F7F65FE.ndpi,1jkFI-bE8KMFC48xQnbEYZXw8OSBpeNf3
68C09180-15BA-47A4-9C1D-CC8C51DA6BBA.ndpi,1XR7zrm7PnW5qq2C63fflT_LqEkhsJsl7
68852DD0-2988-40A4-9E31-7F5822D66CB1.ndpi,1AIdlpR8cPbubCnfybPIc5G4wYcqsvLwV
5F7B27A5-B5BF-4ED9-A76C-B4B7514C074B.ndpi,19oGd56hV3rwDRn1PBSk4MCSzaoBZBDCh
5C49EF79-3959-43F0-9CDE-E2890E154B50.ndpi,1aMHVrWDiKyuY11Oh5m2eD053BqqkCzi8
5392FDF5-55A5-40E8-B3DB-E27B76130343.ndpi,1F0EMmdKoOBkotyfdDYy6v91a77FiitVw
3B1E296E-F3F8-4044-BAAD-3301E199B9C9.ndpi,1EICBcz-hXgLGhZWnb-86PnaTVgipUMx3
3614F962-6344-4730-B739-CE08E6AD2AAE.ndpi,1OgSM5F0QQ-_zOc8Y8tM2DndzOGCtT8eE
351C511E-8AB7-4520-B3E3-646FD73D606F.ndpi,1WntCWrT8pY_JHU_ZaQQKyYthSEkRkDWF
312C3B0B-43C1-49C3-813A-2F41590B05E7.ndpi,1mdvbx4WyTZs7uTXzHEhDnffjRZBetdie
2F0530E7-BB52-400D-B0D9-B82EAC09D5CC.ndpi,1DK46D5zw6Q8sEMqnbEkkNWZ2ESMLsi2h
153247F3-BC43-4898-9299-09C877C087DC.ndpi,1uD2mRPRLYQynaMxq6nUjtHS-4SZxDvrW
11281F14-51E0-427D-BBA6-504DBE0A8FBA.ndpi,1HCbeSioTFgfVbdcjdUEQOeW8zUPHkeWT
0E4521C9-5BC5-4828-BFCF-4519F23042DB.ndpi,1mlKKF2QP1ONENr821bEVhjCkcG1F5v_L
0A381AE3-A706-4B5F-8C88-18E3DEF1D45E.ndpi,1jHB3qSuSXOq1BqAharhYvdLm64ZfbKPt
04F6CA96-3C73-45EC-9906-8AD1B21FAF1C.ndpi,1MSveLua_T3DHo_RjmE-oHUC1WCI2-s28
00B4681B-C192-4219-B825-981364B31ED3.ndpi,1hsrbPYNQanaBHbSCg3q7vgRucUIMySVa
D5C84369-9822-4A4B-AA50-68807D997BEB.ndpi,1p9ohA6U5rlJFotC7pSfEUF9ju6W3RzSb
64987867-63C4-4FD8-ADD9-74EAC6020BF6.ndpi,1bwAlgrsQTgQDu8RApObURYbDxBuCQwWQ
DA53D088-DBF5-432E-9295-0769DDD49F8C.ndpi,1UfOrYr7Stq2lVEpUV2PX54jl2XFxtfro
B888F745-EAA9-485D-A8EA-EAFFEBE5B51F.ndpi,1Z2WTiDMNUrTxwksxpZhMTxEgKdP-08d0
67E9E98D-003B-44D0-9F0B-6CF20479B008.ndpi,1ybj07ZfmrNElTH5uYB17wN0yXAWMbvIJ
584D1DE1-0F53-4FBA-B399-12370E2FFED2.ndpi,1vob0zSdVRXyZNOAzFOBJH1nkdbgMbSV7
FA62E068-D5A6-40DB-B655-C4BC2501DD37.ndpi,1vLywnh-tbv4AqVxryLHbFB5Gjvt7-dTN
D3B8AA55-C6B8-4D9C-9328-B6348F0F8C82.ndpi,1pioj1-Md0kA1vsp5r5omfFJwRWrW17Ot
76DB7F88-D863-4B10-A3CC-3261CE06E59F.ndpi,1aSYR71EfjKvwRNeGDG6vbgd3lQ722l_n
6A7A82C1-3B19-4D3B-AAFA-78B425F86949.ndpi,14E5rPvRoYKTJ8Cux1a0KXIm1nAwQeuC8
61E25DAB-FB6C-44E1-889E-26F0449355AD.ndpi,1azcffBQsVtlKOUAbw58vU9puO67IHrkd
5D8DE21E-F9C2-4E30-ACE4-EA370A96942C.ndpi,1Aq-h-LQfzjJuIkBCZLU26fmU6X7lNchx
E857F89E-7B14-43AF-86BD-17946BCDAA67.ndpi,1XOpcEQW-xDuqBvWVGLeRTuKSCvZgo9Yv
E77567C4-EE1E-46BA-8440-E2DC78C51E84.ndpi,1JrL2eeHU5UWRbuGZTnKwdpCh8tKN9jmu
AF3E54BB-37C1-41DD-A540-ECC021B33158.ndpi,1uCLk6_OLyys63XksYncfTAxWj4lC1bgg
ABEE89C2-6098-4BEA-BF15-2EF30B59F3D6.ndpi,1kl2lbc9onftougCy6NvmFxz9B1fYaGtr
A8347801-5F3A-4CB3-A184-59BE4E0BA5DA.ndpi,1zItaOeaqw0RxuNodompZVwotW4BKDVv8
A7602019-0EE6-4BCE-BBF6-96FAF2174962.ndpi,1ilK7tH69f3XEsC6_SmmaDLmP_utCngp4
9F6FA2DA-7799-47C7-990B-477CE165AB68.ndpi,1XmTYBUhX2XUtDg6-Z0r8PpCq3FKSmk_d
7584AB81-E2A4-4248-A35A-71B6F8F90BD5.ndpi,1jMoY7VSSYGdtzfZCpE4shoLYwiEGtIs2
649180B6-2866-4541-86C1-B30700101406.ndpi,1CiiN58Tj3vEMP98lJvggHyeCkWUenTAa
56F61B0B-C3A8-494E-A14C-F1DB278AA4C7.ndpi,13sn4yk6DBNrxBfDBdJU2_3lMtVWwGZIn
56DAB4B6-8990-45C0-B65D-8534F15AE7A1.ndpi,17zHTmSy_Zcu62W8dWnTJBQFskswHemC8
31F6BF5C-0300-439D-85B5-6B49848393DF.ndpi,1Dx7WQb3mxS8g5IP9Ixd-GJFtcrq_gzlW
1E247077-15FF-4F60-B671-A1B2BB3E1DF7.ndpi,1vbwWnmHoDI-YHnzmhW-GzO72hUW3keav
06CDE862-EB88-4BB9-A3AE-033B19B4570D.ndpi,1WzEcPUVFHbZUnQKnrvnP_ZiPxPK8hUNc
C7BC607B-B2B9-4297-9E56-4FFC6429638E.ndpi,1wyC-Lf7mO2WhQU4ZfxKRGPVA-wtm6ISy
A34EDEE6-8EE1-4E2B-AF7B-4FB7B6779004.ndpi,1CnvFRfc7X1FXEQ2j9d6WAWLejpiKJAuk
49D2A7F4-A20D-4C13-A180-9FF52FAEAC90.ndpi,1LYRvpwpgxC54eGhOUx2TVpEr1JZ0OuDf
FACD0D47-4193-4FCA-BC03-1D2B30DEEF16.ndpi,1StLmOfyd4PrNJ_8O7q4gCFUkeSpg2Jpu
F994C739-EFEC-4851-A592-5F9D956D7D51.ndpi,1bOSQERSmf2ciRqioY5-d8evsBnD5C2TQ
E079234A-EBC6-4B29-985F-4C9704D0B435.ndpi,1kN_uhuKqG-Hypu8ynO-apQ9HApEkKwST
D8D647DD-4D85-4792-A0D1-F6A17614D1B3.ndpi,1Kx3BLiEUAddB7s9RjWx89QfDVTiXLqdt
CE0912B7-9A5F-4704-8FF9-F5B957FFB384.ndpi,1VxN1x4pOfRJn4p62XG3avkwhhBcXEKb9
2A903C47-67F5-4553-A1D3-FB124196EDBF.ndpi,1bjM8IDJIAJD5EUShLCfIhs7ZxLnVi6Yc
19D11C2D-258D-4E1B-8FF5-0582246DA1A3.ndpi,12nwgw7vEPChaX7VZ2LRiagDTRaJtQZv2
E0910EE6-61D6-4CF8-8314-51E839C539E2.ndpi,1-FvAKcJ_sAhSAsEQciaSrNkvonOUcl61
B017B3AA-44DD-4D49-85B7-D25EAFA03D9A.ndpi,12SHSN4YL8c-Oy9napQE9cj8IOjTMI2--
816EB1F8-6992-4283-9412-37DFE4936744.ndpi,1IyEaxw-s8Ph2jxFYJPLtcaQlyMe6CzlG
A2575B67-3AFD-4B50-987B-94D3B5EFBF75.ndpi,1vmAB4DIb6nA_0vokOOJ-uugEi_8gh8YO
AD9FDC21-BC3F-46C2-9E8E-5DD32F2BB29C.ndpi,14Ty3ytVAbp5jRValkxealosnR0Izt2aD
9957883D-16AF-48D9-B815-C76834785199.ndpi,1xP3TYO8IZD8EtD_agM_MoIMn4lgY38dj
8EACF4A8-157C-4757-A484-7D073FE8FB09.ndpi,1-xWPa4DMAp-_bMfxvxpw4dRC0oUlGfNi
88C2C94E-AE09-4659-A1EB-8FAD092FA095.ndpi,1pJKYthOClWQ1v-VnVmZlB7fheWBbcMLQ
837055ED-2CA0-41A5-B6E2-68CAC87D1D4A.ndpi,1PBqmjaHUVWYscpQgijbla3VEWMEW2ve2
7F54F4FB-E0FC-4392-9067-CD46A20DDEDE.ndpi,1QZCUptdsrhvCW2WIusxeUpM9Lk2IHA05
7D4AC245-F908-413D-BDC1-C185D62A9538.ndpi,1P7Iy2LJraPMmBqfzyX2QSIvGcUsmZmk5
5662FBB0-CF01-4ED2-8025-466696DFEE60.ndpi,1Xr6lJX0QNB_3v3qrAJBK4tkrBRaEs9VK
4B28FFA0-473F-483E-9DC7-B02FBF2931E9.ndpi,1ykt7KFcuVz97N3nyXMdlEDfvi_cgAWZ1
3E0216FB-27E5-4FFB-8954-11477C546CA0.ndpi,1_I4x4EoKpNovXk9t4oJtXviMU_OcudwH
28CC6A00-80BC-4AEB-A90D-56F3CE94292A.ndpi,15jV1pmrBw7ITU7bNr1cY9KxIgF8ijVZy
0D842C81-7D17-4F88-A626-930C52FD05ED.ndpi,1LwWxFOXuSvTAXTFWoS7-JurbdGdxE_Qx
EB7D1966-A681-4561-BDDC-1A5391685FF7.ndpi,1cKeFHQu04iO_vp-s6en4IXYSuWcnaL2L
99827430-EE18-4D37-985E-C8B0E1543F0A.ndpi,1MCK_lkaDthhB43hx-PkXqQw6ElEdeD0a
4B93FF98-8DDC-4DC3-A193-30974B714490.ndpi,1sC75r5eWsDSTh-59m2AV7WjqzK-YhDSz
00E0EA30-0899-4B0A-AEA5-6310F81E0073.ndpi,1u-6mpdG_h0ViSohkc66LHu6XFxxywPg3
A5EBE2E0-B13D-4840-A2E5-5B290E59C839.ndpi,1Qj3l4T6RsOPb71ZHFuBaP-SFu47mPP8s
031958CB-DBD9-4A37-9396-6CA28A107D08.ndpi,1HUdufdwomO3PkAAsrWtiLPIwEJiCMAa0
FF0300EE-DD55-49F9-806E-228949861484.ndpi,1bQy0aLbIKg71DHDueQqGhWisqhtUCGGt
DF5CBB51-237D-42B0-B560-ABA57D0A854E.ndpi,1dU7yLtUOC_LgOTDBiJq9SN7XKKen9X1E
D82AC045-E5B6-4BCC-956F-DF4C97FD40CA.ndpi,1sdxdO6pM8tF9zYhWL1quxrfCxdNfLWJI
B5876628-0CDB-4340-9B83-A58DA064FC89.ndpi,180AbK6J8-7v4Tx2qfsRjEbSml4Sk9sbQ
B3AFCE21-35AB-4895-8471-64421B089EFB.ndpi,18u57PZNXgRlL6IHQ5RICHoaJS6zW-Eaf
A96D56B5-80AC-45C0-B6BA-AFF426B0F4F2.ndpi,1ZrWVxxRZp9QZqFidHCBbp-tV6jBNAM_a
A94484C7-BA9C-45DA-A92D-967CB2D241EB.ndpi,1wdbuzVgltS7LvgyI566JGytlKjdHZ7yi
A8608E91-5189-426D-8F12-246D5081CE50.ndpi,1HT9m790a6RAcnXAL7a09QK8W3kSpnUGv
A43073AF-C2CD-43E3-9D39-EE4FB51C87F2.ndpi,119fA9CQ5vYiC42pPy9ygF8GCDgaNh2fp
A2128FF3-EADA-4298-91F7-640D528891A4.ndpi,18RetbaL6BQhPDP2uMZQVflAYq8Kg6pDQ
9626C946-B2C1-4207-8E22-20B1EFDEE52B.ndpi,1mK4c2QeDNtL_iu8OxA7V5mgMnTC6EbdG
935352CF-73D3-461D-8DDE-794BB5BBDDFE.ndpi,1J3qoEtGP-ROlDG5YOwq4mQgWQutJOMcS
89E06EDC-AFE7-49F0-A378-BE33E9ECA296.ndpi,1yxUuF1aH-RVS27kzpjb1JqTjITKI3VFG
8849D49A-25D0-4E7C-BD81-9F45468B8A1B.ndpi,1vL7lCsasjAzDrfG9vC1XJQQ1cBfckBHF
874FFB0F-D4C5-4013-B99E-D33BF17CF010.ndpi,1gJbOuKcNXtmLvZQIai6dDcBOHxcmd-e7
85A1A9BC-F029-4568-9C47-DA3702023B11.ndpi,1hC_ZKUCRZsUVbkIpDOhrdsdJpF5AqhxT
8498C3BE-9791-4DD7-AF9F-CA527283BD5D.ndpi,10Ut_CjboAs-Gp5gHR2KP5Rg305Op3kiD
723EADF9-E1CE-476A-BB13-6EAB197ABD78.ndpi,1qrhdu5LfZ96AHzRVW-hZzbP3NdWeIJw9
58F8C6BE-E589-40BE-94AD-2228D5CCE5B4.ndpi,168noTt63H3MhDuj5b7SKHU2uAa51xioa
58AA81ED-EEE6-4097-A7A7-BBD220DCA44B.ndpi,11IYD5WWNteFro8GwugLqOOmDmJudl7fP
587FD84C-A434-4054-9376-A511F041BACD.ndpi,1OnKY8qapZBVycKkGi6UID7Hd96C5zgOC
44263688-F553-4516-A994-5F80B4A490C5.ndpi,1oUylz9VB5LUnshqQG3jwckUBkIrldlzH
4285EA81-2726-4F44-9ED3-6E6C1C967B8F.ndpi,1irB1Omzq5dAGpdYp9uYp2GSd6JkG9Z7a
3BD7D3A4-9060-4F08-A775-6CDAD8EA915F.ndpi,1VrRYM14membPY6yHEoacayvGIkDAcMh4
36AF1BD1-C7CA-4B55-81E6-F192964F3569.ndpi,1vafOZy92mkjk4ssIMq-GbXFB0Be968db
34E44DB7-420F-4ABC-B62B-4F0C53F2BC07.ndpi,11m4oFrZCgJEMYcFsdJrT2kkJubplATga
22A47B52-A42B-4228-B9CC-4E41A8F3EB76.ndpi,1tpwGE3jmeO8INtUpSTmLMx72siNTH1mm
1395CF2F-D432-49E6-91FF-EA9430A9E313.ndpi,1a-TFP4Jgl8FVbxZGLqGYmdmfMRKne6JB
F5AEB4FC-8EB9-494F-93BF-045C02FFD89C.ndpi,1pyPop-QIVHdRgiro6nKxIG1VbUaBSwlf
8D7DA35B-67BC-48CE-A8C8-B56C96D8CE2E.ndpi,1-8aKcfOs9P0eFG-aaKEZj0RZfvwlQxb9
7FDEC163-C0C5-4F51-BEDC-854509485BD6.ndpi,1sxqWmmfrGvqku95xJFZs7436oZ9ah77J
71EB52E3-00CE-43A1-ADC1-0B77593DB3A0.ndpi,15VUzPJO5wMJEtW21PFVSZcO3gPezwTPV
6FB27F38-281D-42DD-8D50-22577BFCCA8F.ndpi,11Y6N2yaIPbwhjm52NDZeGBdDJuIVmXW_
5E108813-4FAA-49F3-BD84-D765E1FB3B60.ndpi,1edQylaiC6_uuQU9hflPijzc33VVASBfv
5CD2E18D-A0DE-461B-B899-0411B2C3E49F.ndpi,1xt0fRpvsCe_ZNrpVgjwgkkX-BOH6q50y
3E8B3955-4E31-4C2C-96A8-BCE5AE9B9F55.ndpi,1QHIqaalNnFxjfAfbHdObkZ2V7TP5Esbo
3DD589A1-B5B3-451A-9FF4-DB10CBA847AF.ndpi,1w2DdPaYoDNqk-WXvtdzQ9EzOMBewea1R
E285AD33-018A-4C4E-B7D8-934F3A0F2B58.ndpi,1M6uss5TLqi7V4Khirhy5Whu5Rf6FNM48
E1CC8BC4-3B15-4580-8254-ADB3A9EDD441.ndpi,1pmtsTvtN3hBNRSFHf9cePereQPA79zMo
D60DB9E9-A51F-4872-AD1D-5FF75BB841DC.ndpi,1yLRp1ZquDfcNk3Vp_7PCs491XLk2w0zS
D254569E-DC9D-4339-9390-0CD5948E9538.ndpi,1LVsPUUy7bA4S_uTO0MyE7I9RIhm6aQvt
D1FE7A10-2E87-47F9-B2C5-A65506D998A5.ndpi,1fPq6DIvMmLfM9QCroKwXgl9FTbY1AdSy
C5359FFB-9BE2-47ED-A58A-42E794902075.ndpi,1mY0-UhLtIF0izQn_QlUHxxiQ8jN6ZFe8
C098BC09-EFB6-43DB-96C8-9B56ADD2BEBD.ndpi,1LYu_ArMAW0oOe66qQ9hyZFIqbXOXfUZs
B560D3F6-B646-4A68-B29F-4BFCBA983BCB.ndpi,1cwhUnVQ-RWoQNVjW-b2zDbE6F-GFryXT
B3B43519-3A2A-4ACD-8F40-6E8C15C05239.ndpi,1ab7o7mk6pai0Dj41pLzARcVqfoIDGtPl
AF8488D8-17B7-48A7-B670-F74DB9DC6B80.ndpi,1rFgfEVMg07EC9NWRHgMvJVTgbUJ3Ab9n
A5023FA5-95B4-4F9D-A258-1CEB35F97481.ndpi,1COn7zrufIgLMpWG1f10W_CSFzDzWCAhz
A03A51AC-9DA2-47FE-A45B-95D211BE6F11.ndpi,1Gm_gJCjZD3bxgMq8Jw63PhFwM-VMG0KK
992F6CB7-E131-4527-AFF5-48467D2DEDFA.ndpi,1HuPF6h8V-Quf5q66tX_V4X6ZkgmfAMW1
6E1771CA-A32D-4F8D-A577-C6B5AA04BB47.ndpi,1OFpkWeN-mqqvp4I7QCTsE3dwfcW7nIEo
682F5243-208A-4F2F-B81C-964E928908FD.ndpi,1zWB2eg19wHc270f2br3kEAMkcam7AzAG
5EDD8CA9-24BC-45C7-AB4A-CA6EC8F20462.ndpi,1Tjzh00oF1Gkea0sVucfn6riXh7nFz9iF
41DCD53B-0352-4F47-94D7-091DCF398DD9.ndpi,1lHWZcNX_AtD1qC6O3oRjwbKBNi2rfXBp
4139752A-9A82-4864-9487-CE8B2C60EEEF.ndpi,1La0zHTHuygxlTSbiKUWVUBTisMt0jPZM
40401646-ED2F-446F-A093-53DC68EE5C8E.ndpi,1JCnTwus4HVuq5s9gFqmmRBeawJZWGzjj
3F954038-D252-4F82-9214-F5FC668537E8.ndpi,1tOH14FYYG1vtSUHmxO2wkm5MSFokMepd
2EE13EBA-7694-4456-BEFA-EE5A0BDE5A09.ndpi,1Z9Dl5ryhosgQWkwGQasc8trDPYSgj4ZP
2B672E22-AEC9-44FE-8C20-6646D26FB484.ndpi,1GtVYwJiJ_2Ckljb1d-djYKNc1FErRc6r
0E5E933C-5786-4DE3-8B7E-6CCDC09FBD22.ndpi,1cVeBTAIyYzq7mwWCbwlC9UjDL8_wC23k
5C4AF04A-3F6D-4326-A2A2-F5B5098C49A7.ndpi,1SDK_NxwXo8fSZ-iAGFSFWUSdJd8smEcI
F8E49DE8-48E8-4E95-9401-AE19F969FD10.ndpi,1h3Dq0cZ1edaggUVFIhhbTiiajOx3isBC
F1E8CB02-B94A-4ACE-B84F-106DB2A84C6C.ndpi,1eyNEwrTmqCEMwTUfgWJtI3_RFQ6Cg7YC
E2E316E9-11C2-40DE-99A7-A1C3A7C87F0E.ndpi,1-XX53QIBN89dFP9VtXgl5UnqmOM-90kc
E10F5AF9-A6A6-4390-9455-B29B1026FA55.ndpi,1qPyVqQmbRSc-toPz5KqoR6zk1fcuvNZP
D54AA3C2-87C1-4099-98E7-84E87DF812FD.ndpi,1EcE18GmzQv8ORSHSj7FlfGsLXNJ4WTZE
C50950EB-1D3E-4F7E-9D35-D6B1A095C71A.ndpi,11WYsaaNinUtGZi01S7qqlkq9_Vs-4DDw
929DA762-4186-4AA7-86B2-775273BA9822.ndpi,1qUFKYp2TA--F9Ybpj8ucrhKDGvmdEytB
7F7E4893-FBB4-42F4-BFEE-4B91B68C9660.ndpi,1x8WA8w1_aAiSzXpBs6ycnZCsktfPwBYA
56EB1F91-E717-418C-8670-7B2AA5745664.ndpi,1fPHmWPJ36TjhyNzLbcW7jnoZppaW7Xx0
628DB477-807C-400B-90DC-40142FD939C3.ndpi,1b46Rw68XM43UrpPTYgazSxiZ4Imz4nwY
4F388626-60A7-4B65-A693-46C48012A04A.ndpi,1XivFbqnq80OWhkteZpwf1CmUu-6V4nI4
3F8767F6-FE2F-447C-BB36-5A3DD8DF8273.ndpi,1pxdk3jEojSDov1MdXrmWn3B1mY3eh6g0
2E74184A-EB2D-4392-AA1F-D5FAF1C9B4EA.ndpi,1bk1KxKyUzCsZXU_M_Ri_bH9oxJ8qwbCO
28C26F0A-0167-47FD-8D11-01F843EB981F.ndpi,1hgiOSyDzWI5X1b_7N1qg_N16pweAVuC1
190A0DFA-0239-4FB5-A386-ED64DEAE6213.ndpi,1XNeXmCAU1BDh6ISdm7ij4JNlI94MMi5r
14924C50-5860-44EB-8EB2-07F9EEB673BD.ndpi,1jkwcZ93DZ7u8613AnpQKvWyYIUtQlwF2
10A4DCD9-EA17-46F0-93A5-EFF82456CC72.ndpi,1uH7_qO-YcIqoAPQCdYWe5JcxwQszzSco
0D8F348C-5A8B-451F-A7A3-9798421F3704.ndpi,1YNBLH1UtFaPKJZ3YmSoq36JQRq5K6bix
016A8B0E-E911-4465-8552-7418F0FAEB5B.ndpi,1UCtkASgK3PUAXDJzLC5t0jSVzC7rak4-
FA32AD42-1AB3-418C-AD8F-1E8E9C0C084B.ndpi,1vQJH5DCArd6Kxo29XU1UTk25A5sh1T3_
F55186A6-225E-4124-B7AC-377807EDCF97.ndpi,1kaPwceHAJCDOw-IoSqHBR14h1JHK6ILH
F522EF0E-F8D9-461A-96EB-AADC7DC2572E.ndpi,1UcGynxLnXrBOQbTk4WzpcxYxnDFHOPxz
EE2A959D-1923-4D43-AA0F-923706213B32.ndpi,1zJ4oplQgRN6G27KxEKyCnQgBQhdQZyfD
E7EB35FC-CC6F-4ADE-97D2-E6D5FFC638BC.ndpi,1G8nqi0xWlFoBagN56AeEGF6lkdpmD03p
E6538BBA-9BA8-490B-96FB-D08BED89545C.ndpi,1GyoZO3qeRxAmKm2xZboclalX4DqPsCOP
E233F571-F36B-4FFD-902B-5D132A26349B.ndpi,1v-mr3rJvtD-MGhOqz9ab3UsgnRV2ubER
E0A571AA-578E-4434-B35C-62AFDA81B18B.ndpi,1CuctvvepS0zoFqfIb3Bw8PHzqg3F4LIu
CE180F1D-9B8C-4E3F-9C9B-2B07F1F19099.ndpi,1h5zdWocBlVelpRPPpSV84zFTo98BCDhf
C543A418-73B9-4145-8608-89E5D8C67C94.ndpi,1XbP2lmmteX6kDriBiZJguP42SB5y9Wix
C31A10A9-77F3-4D7A-87AD-BD214EE8511A.ndpi,1fCDCf8yCCrMmgpncfusrku1GUgc-g9FH
BFDB3D42-95D0-4C0A-8A17-6E886697C21F.ndpi,16wUGp0CtpmFK1ZqXixSN2gpIHb4_W80f
BA2D0D54-EE3A-4508-94A5-43D2CB422C5B.ndpi,1QhkLeq3XGezvcnlLKmUlENRYdQkOiceR
B6F9CBFE-5877-422B-A9C4-78520CC7CA78.ndpi,1FnmWS1h0AaPcrMA2fx5Hdjw2d5V_PqW7
B2C621CA-FCB0-48EB-A833-90F24663651A.ndpi,1EBHBESAgek8bV-F_hKPeF0W5EBAh36g0
B0FA5F3F-4294-4DAE-A747-9F9C36185AE6.ndpi,1pxUgHyjkYiRCLswl7p5UUi_JmuLniFTN
ACC7F062-3DC8-4CA4-9885-31C185B2449B.ndpi,1Nk3PKX0gXODQmL7KoGx2bg95eV4ZTKnD
AA70AF78-A731-4E3C-B423-B73EA3841EF9.ndpi,16QLzc88X2Cbo8JYoiSPWjnw81dvHsS76
A73BF62B-39C7-4220-AA64-C92483149A9F.ndpi,1w0agauuT4svvsVXepnh5kodIJk__SLwV
9A98820D-CE45-422B-B3B5-321F247C76F7.ndpi,10jZWj14bn3QV6oZuJfVCac0XCxao2_1B
9623685A-F976-4C28-8C1C-6B1B5F217631.ndpi,1yUoYRiFZcoAnKieajuGFN-sempG2dBI5
6C79DDE5-07AA-484B-A031-8809DEB7DC7A.ndpi,10peh_TD3XayrjXXgl_dnqljsWONQAcrX
67E0941C-1D06-40A1-9605-4FE0E1247C4C.ndpi,1InHpDvWqQSFod-Jk_oMu7TygaOOA02b2
626FD5D9-6947-46FF-A3E8-B73C8D1D335D.ndpi,1IfGn8xCj_ov3uUXA-r7ftsB0AeLMfVXD
5E3DA3E2-8C48-401C-9DBB-15FD224C20A4.ndpi,1jUvbZT82WsWD1YXOrwHfqNweq-zaRGtP
5AE6D5CD-E5EC-4621-A6A9-97A2AB7BCC42.ndpi,1RJLPuZbZKviqQ4BZz-plwOwSm2hyUOJS
5A0AAE47-3A24-4C5E-B366-9326B06991D0.ndpi,1_p8KffFYvMVqFu1pZSg2VyIgeyjFug4u
57381CE4-1AEE-4032-8DC7-413BFC6838A0.ndpi,1fIuRZtjGkVGOJA3hfxAyo5l6saUNdbds
500FC102-2896-4820-9033-323285EDFDBE.ndpi,1J4swrkP6qzWiSVYi2SK9bWbRqVDabExx
45D6575F-38FB-42A2-9B4F-3FA3E8A999EE.ndpi,13RgWLzpXUqMf71_IYK1mLQggrTRcfG_4
43A626A2-EF5B-411E-A7B7-79FF2E1CFC58.ndpi,1FjI7YHM6qZoflb_CO0f0IFIX8qHv4p-7
3A16B8C9-9807-412E-934E-E8ACF9C492D7.ndpi,1GnXvQn_Y2AjsES7B2uJ1CHX00D7xbIqe
2A05B17B-E3DF-4931-8C11-03B6CDC64182.ndpi,1brb4enSnrr1reHHEoq4RQX7P1PE6O9wC
256B4503-0F1F-4449-93E6-319EA7830422.ndpi,1cz3V44i2tB9EyjACVdiatA6LqbNArMs1
1F808026-4F5F-40D8-928F-F59382842568.ndpi,1nhGXciSmfiZ02fLACz8F93G6ve40PQdD
234BF897-9A5C-4A2B-9CB2-E964D006D0E6.ndpi,1L6441Lbl6qaf7HWndBC9UYAfOV-1pXRF
0BCCB273-17EA-4DE0-B530-DB721AA010E5.ndpi,1KYtX1Nifp510Nt6_r5JPhkstJIOlmzMF
290B3B8F-25B1-4FB5-A4F0-5C3D38ACA988.ndpi,1O_mdiNAGZq62rZVY3cYVy6r-F0P3dVyx
12793B66-1FE4-4E3F-92E8-2756A2DF790D.ndpi,1_38zaLfrLhzwbZ5oxW2LzK2MhZ1IPoaa
6444621E-2398-4957-A23E-C45DB7753823.ndpi,1ho1myaispSz8jqVMgkRn4-47vW2vte11
36BD7ACB-897A-4DD0-BD26-0E55513FAD53.ndpi,1VY1DbQ4Cr7Me6HHSzsr7mLA-AbExKMtI
36071C8B-9DF3-47BD-9C28-AE9BFD0E91CE.ndpi,1zbwVbxCeFKdt3m4Nq7CqAJIXze_8smia
20916F60-1DA9-4951-A27B-1966B96A8F3B.ndpi,1bQb-U-uwn6Id1k2c1YYPYgXTw2Ko4VFE
366B491A-67EF-4D28-9C37-93D71ED09D07.ndpi,1e9O7RsohI9Q1-Uzg7E3wkE7tvOv4dt6z
0416EA9C-B12B-4932-8442-237A7592C875.ndpi,11fdlPm_mzWrmpsWG4xhJgJHRNgdsnaY3
ABD3C921-F2CA-4299-8C66-A0E417FA1509.ndpi,1yO0BzXx3pjAk8BNyqYAier6buujOMbFY
2C1F1EC8-7F11-4356-B68E-B92B3F529E7D.ndpi,1oxsf1bugan6KYS9iNtc9gRBe-MHQbo1-
FA03859C-D93A-4C48-88F0-EB5BF880C863.ndpi,1XVq8kA3GD-kiVDPQ_hY8EezOmxCsc_Hl
882575DF-EF38-4E67-8E8A-BABDC32D0512.ndpi,1586kCgBdVMz52AC6L2c-7VoKpES-ltni
E57C6BEE-F866-497D-A2F6-80E8F0D68FBE.ndpi,1F3HGT6rEQ3lQyWv2fpYz8dEm_wpzD0AV
8706C504-6EE3-437A-A706-9D66DC41A010.ndpi,1BJzTfW0KEDFSNqd0Qt2ykDDI1cbIv7OA
2BD4A9F9-EB17-4E25-8B0E-66151767F886.ndpi,1Lfu3GBi2J2zxvo8tT7Kqr3-1_VDeq41u
2173F92F-7573-4570-9151-7F4C2DE6644C.ndpi,1qfFwyH9pcqMjcZYOAM2845aeQoYX_V-x
1FE77610-C1C8-475A-82FE-034BA7BD31DE.ndpi,1fdyuEmzFeOxjaCBu4WyebwBhSZf9Uy9v
15D15432-CF0D-43C7-9787-7DDFCB8E480D.ndpi,13tsaR_-hv77Zun5GpX1xjUwO2ZhnT2jB
1370290A-8F33-4C16-B41A-0263B8AC675D.ndpi,1yAeykvnGHmcRpjjRxUHGAAqT0hnahn9O
2F709EC5-7463-482E-9F0D-AE043AED520A.ndpi,1AzMjE1P7xPfcjo-7_eqsaMEH5Hm9dsoV
10E01EAF-4CA9-43E6-B83F-79068C45648F.ndpi,13hUTVoZTycshowhdy_6Eu0TaXMASGB6L
C38CACD6-8131-4AB8-B860-EE8D4ABEA51C.ndpi,1lKfZMFEf0OFY7QUExzvz2KPwcwZNVdFS
A4BB638C-798A-4FEC-8C6C-7A3806780383.ndpi,1zFptuF30RdK5VG4yrJ38m2kSLdbH1T61
986E218C-6647-43D6-B32B-F9ED5A8E6CA6.ndpi,1KCvQ6h3PoH31FvHbGjt_WrbYnSHWwWVY
79DA3372-7279-457D-B218-E8A03B735637.ndpi,1k6reIofdob2TBRPoVqgHp5Q8ZniKr-dJ
787F7B57-28F9-4541-B420-CBFBCFB89C1D.ndpi,1WsexdgxvxVt8FH6jiI12iLwHlaROrv1H
7050E07A-32C9-47FB-9597-4A35ECBECE90.ndpi,1cwxj6zRuN5P3mycSU-4pdAQY16uZSzfH
6971276D-AA07-46C8-BC55-824C8C69E34E.ndpi,1PWch37EUTdNPogaJYBBmc3Rc_G2DjsLb
5D78FBD1-69CD-4FF6-BBC6-7F273690D089.ndpi,1wlGfriPKXcmW3m0g5UNY4eVjYXsAZpWO
57EC3C2D-A5BA-4BEC-8852-724A5B280CE7.ndpi,1i5FQ71I23uGuSwRdcwIP9ZOQ6zmtOMw0
53872B95-9DBF-4069-86B1-2DF0B581B36F.ndpi,1bJncLBr2JJfCjZXLCbriYoIoEUyJiNTW
359C545F-069B-433A-B842-9CBDB76A4DA5.ndpi,1J-_TpQuEW_dHbPCxtrdv7N7HSNQ8fvD4
1475F502-96F6-4272-BD3D-D7942930BF47.ndpi,1W2aqtGUR-35VsAC-LDvCsQM4puKjbNzP
133F8A6E-8F3A-4A1F-A407-ACD8030D4AB7.ndpi,1nyoyY2_LJ2tBczlKh1x8tI7h38NfNIob
F6BB3A7C-6BE5-4453-9C46-94C499B42DFC.ndpi,15NMzOzv1OdXv0qMDslzfa9Wbe-BOr_c9
E2C0B870-367F-4669-8586-098813CB44C6.ndpi,1iF8dVHWcyaF01-qbUtdzTd9lTn_lXx7u
1DB7E1DD-3284-43C6-ACE8-66891E54B581.ndpi,1EoncxlnJXnQrbJRY7b6wsGcyBw7UFVPL
F5C999C1-6F40-4621-B3E7-E2BA4F4FA8FA.ndpi,1ksfR2E20xqGclOi9SdlsoemvRKD1bu1I
F1C75D34-833D-4833-A1D0-9249A98B0B2C.ndpi,1RZ337YtK72wf20yNkGu89SOviazbsw2p
ECE56B2F-E1D8-4F12-9C86-CAEB4F0BC829.ndpi,1iNxtXT39NPqz6WPkqWIaEzZb9_5Fheqd
662A6001-6A8B-485F-82BB-49ABEE5338C1.ndpi,1bSriK0nD_E4fyd2CXh57Sf7xjfK_1b6L
633AAA12-9C1B-4914-AB0D-810E8AA1B715.ndpi,1IaAHSgVl-8hGurqIjvGFi8U3gv4k6PSf
63391C8D-2577-4B21-A36A-88CBCDBB57DA.ndpi,1RX2XHtyc2FSXxqGGwHRK8WSDdPSvEH-b
0ECDA709-A530-4BAB-A288-3A224A9BE13E.ndpi,1Gm3ZkA6zulidKy8ChbL6M2WyI8m1ZlHr
0BF5A463-FCA7-4071-9F40-5CE4396B93D6.ndpi,1YotFRmRqj2dX6GUGI_HSgU0ksD_wt8l3
05E4A3C6-96F9-4372-8E8B-97174B854DED.ndpi,1gBHdKjXy6EuF8tL3BUaEGPXJ-vvL0MNd
050477B1-D69F-4BFA-9F2B-BB9F75E19DBD.ndpi,1O_QFQepZZFs0fg0JyP52GJOzAAerBDGf
E4318CD4-B5CA-4A22-9E25-E6F257335B45.ndpi,1thUZ3FhxlCNat6C7pqbf2QiBLzsy6lgW
44C99F38-9578-4792-86BE-642A31E74598.ndpi,12K1msALc_JnAmcs2V-Zt2SVOEaQuRq2-
D97083FE-10B4-45CA-ADBC-D3499D042AB9.ndpi,1L_M5_AnX3NFVK_WfYxrHrNejuyMzgVyI
B8CFE917-1C8C-49A6-9531-3B7F4AF1C733.ndpi,1b40nB5JJ1Nx1_NZ6bErybIqZJIPqXXYh
F868D6F4-3E98-42E6-9B1F-2F1F3052DB04.ndpi,1XXFq31hqSsLBhMBXQzLoGb5y5XTh1El3
E261987F-92F5-4075-9AC8-4F1AB9B97EE0.ndpi,1qxTFSTslxVuhQZTIVKzow5mOpkLnRnli
D384E539-1513-438A-A62C-E6612696AF67.ndpi,1eohYF_qfO_WOFIZ8rMcQ0OldiELoh5JR
CE7B5613-B334-42E4-8949-1BCEDADB68AE.ndpi,1VgaLu7dGHz5jLAjutGjA20oGLCcGE1D0
C5E8CD88-0E8D-44F2-AD90-11B87E1285CB.ndpi,14r5Yz9wBrhh_6nuRKgO1ZFta32P95JtA
8DDFE87B-15B0-46EF-8E6D-53322719144A.ndpi,1ct9pLqt91MtnkdQlUAEqFlw44fU_p8Mf
23B6CEDB-F93A-412E-A65C-55B2E45212DC.ndpi,1li5fnv1Wjm0CR_3SGIogPzg_9evE8tLq
171C4AB3-D543-4977-807C-10579556E2BE.ndpi,1L0WN_tvEYTn7phCZa9lA-hrpMJyk9Shc
164DEABE-AFFD-4AF4-A12C-9582B2F5FA3C.ndpi,15kGlTk6u-Mcauc6n7Py-pTabok7Q-1mC
13F4306F-ECCC-4AAF-9B2D-12C723193762.ndpi,160xybIQqwj9yhWnsl6VVKruPQ54YHK0-
090F2A2B-C518-410F-AC9C-0D9EB69F27C7.ndpi,12U67JPCn5mGe7VUorV_d9-xFjQYgpVJC
FBBF0A9B-29EF-4899-B6BB-8773E5304861.ndpi,1jdPxIlfQ_FIpstgslTyk_5wi6vplJ0De
F13D0D3F-7F13-4F81-96B3-E6E3FA8E469E.ndpi,1GGwW5lgwg7P-QyNBp6HklZlLBlAGIrfL
E859AA1B-3489-4F70-836A-79FB206ED5D1.ndpi,1eDs5Bk5AqJV6vLfSvR5cx21o8fIfGXq-
ACEAB66D-269C-4139-8E23-9B629F6626E9.ndpi,1tt6dzzDxjau_7uAZkKqWSRKWNkCa9Djo
94DEC79E-3EDC-47CC-8B16-B45D88AD045A.ndpi,1NMrjj8ZgWzuEjyIhrY3F0w2YwHvW2nu1
9046E9CF-5068-4A08-B9B7-071CA7D15727.ndpi,1GMtqEtYRas87NzOE1p0-p6K0sMnl7E4m
87012682-6E8E-4B4B-9A85-1F5822E7B23B.ndpi,1kgGLBr131Eobq4NjIsnUqQEMh-WF2rqo
8409CFF7-669E-433C-B9B8-FF0C646B5DE7.ndpi,1ZeFRDCzhfNAf2Vbo0uB95Qv1K--jdzTT
7EF1FD7A-9EAC-424D-9177-8563223C9FA8.ndpi,1LfZXNUqbTcVNiS959Nln0mv_z9XouiSN
7CAB1343-B920-4521-ACB3-3EEB3BB5C056.ndpi,152HBExGFw8g_MMkmGN6nuJUF4ZZcsEoe
5A41FDC8-74C1-4AC5-8F1E-F91588C2DF47.ndpi,1wf40dWiiVPqFDS851vY4uz8Qeg4Vdt8i
4C9FBC92-BE16-4B76-B621-0FAA5B87B6E6.ndpi,1O2-EJ-fPdhH3l41D_pFBYSX_Nb0Y-62C
4EED8356-084F-4EEB-8C63-4D8E97E1EC29.ndpi,1lx7vLQitPXwJQJqf-wItPfLrICJXclPa
4B1C264F-5D7E-4B8B-8C1C-B15D6C9701F5.ndpi,1GayGqex72iLXzRaEbnZ7D2QCfNZcekQr
076A2AA3-C84D-4477-9DEA-98668C8A2E5A.ndpi,1-Uc7r4_nss49-QdOogTYWdy-a1yDeBB5
EDB9F67F-1C91-4F9D-836B-F20AF1E45FA7.ndpi,1r6rPL2kW-E1Jln6PwRtfeHFlWSShOd-Y
B529258D-9080-4E25-BC6E-411A8904784D.ndpi,1l82lEHLtVqso-5xWJ_zLR6pcNj-I0DoU
893D347D-6B11-4E63-A7AD-47839FF910D9.ndpi,1b4OxeTPG1LyJKJQhVR_oX-l7Gde-L-in
3A4B0FA9-FC82-49CD-B251-62B9E652EB95.ndpi,1Lw_R6LGFzIL4VF3F_deQYd7JvEZOBQf2
2A905F86-0C00-489B-B68C-73BFF35FC627.ndpi,1elh_LIzgB14BC7uwoIWrHKROSuhbePAG
30F3760D-2275-418A-BE08-1ED0059C4800.ndpi,1oO5Gniddc_TecpwsHflS_m_ClTT3wYQY
E43A14AA-CCF3-4F0D-A0E3-662C030112E1.ndpi,1Mo3_Nc_iviAH8xJPf7_38x8C27SFaQl4
FA0909B7-8F86-4EDF-91A1-27F9B960780F.ndpi,1ynZNetvGlzUJniNawqPwXRRZU5br_AUL
1CC8C05A-C1DB-4615-AFF1-8B1D0803E212.ndpi,1E62CcO_yIWWjYbqEyxiKuKMH8QvwWyNM
D86BD6A9-68C5-4C18-AA65-AF906CDAE0B0.ndpi,1em2LiizCsLwE0XDT2MSvOjm4jo6awOYh
7CE399FF-F284-466D-AA16-181683150EDE.ndpi,1d1LerRlUaAw_uDBHMgNAAqfLh3FQEv2A
73242FD2-350F-4092-BEFC-224A4F0C4664.ndpi,1BLM8sIM-1vDNQweUmFU68UsCcZPPwSF3
63237499-B86F-41AC-BD55-9B8FF6CEE080.ndpi,1xlRH8HgQoU7P3efcgp_yrwfLdxvSzDHu
62277149-0072-4F76-9CA1-107DE7839CC3.ndpi,1me_zcxmTISJV5lcB3GQxQyykTiF_x4mK
DF8F1B0E-18FD-4ED8-864F-9B403CA4853F.ndpi,1KnVFNmrlCxtYsjFfgD5F_9SRO-18hrjf
DCCA16DC-A8BD-47C5-AD7C-E23D3A424D4C.ndpi,1tCBJ58iNhX39d5KslLcmqXDvlUzjP0yX
D7A3A763-BF93-4D6F-8386-0222893C38CC.ndpi,1wftMSOMqLsPOVyVB5IhYqlxt5aMZauxB
90263331-EB77-4F80-A29D-150F7406B994.ndpi,1fsEcIY3DGLcBznRY72ERrQ_J6VTMxTq2
8674C5D4-1B09-406B-A64B-3E36E839765F.ndpi,16Bi-wnMOaHfSQu8CropxeGH3Q89c-F8I
864624EE-CBB2-4833-BCF4-ADA93413CC70.ndpi,1FOHJw_4ySbx14g1CpNzEzE1JUGLbAAxP
7A4ABEEB-98FB-49E5-99CD-37F7C7537FB8.ndpi,1Dm4VFeo72X6blH_w0eQvbKVGANmOqnQZ
76000ED1-C9BD-443E-A725-517E37907E15.ndpi,1NUT5z0xzeLxXiw2N48t8JPkH-5hYTu7A
7275CC9F-5138-412C-B89B-6B51C100255B.ndpi,1VuD8D7YGN2BNPP9WSl9t2v5M21SaEpQj
6D6EF5D7-14D7-47BC-9BF7-6FBEF382E12A.ndpi,1Z9TzIdIBak9_IMyAN8qs7W59amGs4jWV
37B27940-31CF-4CB2-BEED-67782985E1C3.ndpi,1fV82csBxd74HN9JWtVajGoy__HFc66KD
34FB4065-B7D0-4DD9-B7DA-5C2EB6930006.ndpi,1FNvqmV-TAFsy-tYIWIt6699pT3pJ2Ace
3478E265-1469-4AAB-886A-F03BF514D1FD.ndpi,1BEO85Gs8A9VSi3o_Omwm7-M7hjWHLBxi
3002DD7E-4FC1-4DD5-A763-3E23E0E63031.ndpi,1XCTka33vZt_LBr05qHOKQd31gvGZMRvo
075E28AA-030C-42CB-89BC-EF428404B0CB.ndpi,1qhksmeuQs31M-v5r7dZDKklRGJZTfvGk
064D158A-C8A3-42E2-BB33-7324986BF939.ndpi,1t8lCJ0ncQjcokBqgN9yjRZ2iIBagfmSQ
0304F1E0-512E-4A54-94E2-DFBF8046C79B.ndpi,177fDcmesg4A3RyXEpIiIvXMjq0seM183
01764D29-ED2F-45DB-8970-19F60472B54C.ndpi,1D6vtSAz3ARbwk_vLz1LP6Cmmo4NpZEL-
